RotLaps/M0/tick/inv1/INV,veriT/selected,proved,370
RotLaps/M0/tick/inv1/INV,CVC4/selected,proved,9
RotLaps/M0/tick/inv1/INV,Z3/selected,proved,8
RotLaps/M0/tick/inv1/INV,CVC3/selected,proved,6
RotLaps/M0/tick/inv1/INV,veriT/all,proved,7
RotLaps/M0/tick/inv1/INV,CVC4/all,proved,8
RotLaps/M0/tick/inv1/INV,Z3/all,proved,8
RotLaps/M0/tick/inv1/INV,CVC3/all,proved,6
RotLaps/M1/cover/THM,veriT/selected,proved,6
RotLaps/M1/cover/THM,CVC4/selected,proved,28
RotLaps/M1/cover/THM,Z3/selected,proved,8
RotLaps/M1/cover/THM,CVC3/selected,proved,7
RotLaps/M1/cover/THM,veriT/all,failed,6
RotLaps/M1/cover/THM,CVC4/all,failed,17
RotLaps/M1/cover/THM,Z3/all,proved,9
RotLaps/M1/cover/THM,CVC3/all,proved,8
RotLaps/M1/INITIALISATION/inv1/INV,veriT/selected,failed,7
RotLaps/M1/INITIALISATION/inv1/INV,CVC4/selected,failed,16
RotLaps/M1/INITIALISATION/inv1/INV,Z3/selected,failed,9
RotLaps/M1/INITIALISATION/inv1/INV,CVC3/selected,failed,7
RotLaps/M1/INITIALISATION/inv1/INV,veriT/all,proved,6
RotLaps/M1/INITIALISATION/inv1/INV,CVC4/all,proved,8
RotLaps/M1/INITIALISATION/inv1/INV,Z3/all,proved,8
RotLaps/M1/INITIALISATION/inv1/INV,CVC3/all,proved,7
RotLaps/M1/wrap/inv1/INV,veriT/selected,proved,20
RotLaps/M1/wrap/inv1/INV,CVC4/selected,proved,10
RotLaps/M1/wrap/inv1/INV,Z3/selected,proved,7
RotLaps/M1/wrap/inv1/INV,CVC3/selected,proved,6
RotLaps/M1/wrap/inv1/INV,veriT/all,failed,6
RotLaps/M1/wrap/inv1/INV,CVC4/all,proved,8
RotLaps/M1/wrap/inv1/INV,Z3/all,proved,8
RotLaps/M1/wrap/inv1/INV,CVC3/all,proved,7
RotLaps/M1/wrap/glue/INV,veriT/selected,proved,8
RotLaps/M1/wrap/glue/INV,CVC4/selected,proved,7
RotLaps/M1/wrap/glue/INV,Z3/selected,proved,8
RotLaps/M1/wrap/glue/INV,CVC3/selected,proved,5
RotLaps/M1/wrap/glue/INV,veriT/all,failed,6
RotLaps/M1/wrap/glue/INV,CVC4/all,proved,7
RotLaps/M1/wrap/glue/INV,Z3/all,proved,9
RotLaps/M1/wrap/glue/INV,CVC3/all,proved,7
RotLaps/M1/wrap/glue/INV,veriT/selected,failed,5
RotLaps/M1/wrap/glue/INV,CVC4/selected,proved,7
RotLaps/M1/wrap/glue/INV,Z3/selected,failed,8
RotLaps/M1/wrap/glue/INV,CVC3/selected,proved,5
RotLaps/M1/wrap/glue/INV,veriT/all,failed,6
RotLaps/M1/wrap/glue/INV,CVC4/all,proved,8
RotLaps/M1/wrap/glue/INV,Z3/all,failed,8
RotLaps/M1/wrap/glue/INV,CVC3/all,proved,7
RotLaps/M1/step/inv1/INV,veriT/selected,proved,6
RotLaps/M1/step/inv1/INV,CVC4/selected,proved,7
RotLaps/M1/step/inv1/INV,Z3/selected,proved,8
RotLaps/M1/step/inv1/INV,CVC3/selected,proved,7
RotLaps/M1/step/inv1/INV,veriT/all,failed,6
RotLaps/M1/step/inv1/INV,CVC4/all,proved,8
RotLaps/M1/step/inv1/INV,Z3/all,proved,8
RotLaps/M1/step/inv1/INV,CVC3/all,proved,9
FieldInt/M0/INITIALISATION/fields/INV,veriT/selected,proved,8
FieldInt/M0/INITIALISATION/fields/INV,CVC4/selected,proved,11
FieldInt/M0/INITIALISATION/fields/INV,Z3/selected,proved,15
FieldInt/M0/INITIALISATION/fields/INV,CVC3/selected,proved,7
FieldInt/M0/INITIALISATION/fields/INV,veriT/all,proved,6
FieldInt/M0/INITIALISATION/fields/INV,CVC4/all,proved,8
FieldInt/M0/INITIALISATION/fields/INV,Z3/all,proved,8
FieldInt/M0/INITIALISATION/fields/INV,CVC3/all,proved,6
FieldInt/M0/INITIALISATION/fields/INV,veriT/selected,proved,5
FieldInt/M0/INITIALISATION/fields/INV,CVC4/selected,proved,7
FieldInt/M0/INITIALISATION/fields/INV,Z3/selected,proved,7
FieldInt/M0/INITIALISATION/fields/INV,CVC3/selected,proved,5
FieldInt/M0/INITIALISATION/fields/INV,veriT/all,proved,5
FieldInt/M0/INITIALISATION/fields/INV,CVC4/all,proved,6
FieldInt/M0/INITIALISATION/fields/INV,Z3/all,proved,7
FieldInt/M0/INITIALISATION/fields/INV,CVC3/all,proved,5
FieldInt/M0/INITIALISATION/fields/INV,veriT/selected,proved,5
FieldInt/M0/INITIALISATION/fields/INV,CVC4/selected,proved,7
FieldInt/M0/INITIALISATION/fields/INV,Z3/selected,proved,7
FieldInt/M0/INITIALISATION/fields/INV,CVC3/selected,proved,6
FieldInt/M0/INITIALISATION/fields/INV,veriT/all,proved,5
FieldInt/M0/INITIALISATION/fields/INV,CVC4/all,proved,7
FieldInt/M0/INITIALISATION/fields/INV,Z3/all,proved,8
FieldInt/M0/INITIALISATION/fields/INV,CVC3/all,proved,5
FieldInt/M1/INITIALISATION/word/INV,veriT/selected,proved,5
FieldInt/M1/INITIALISATION/word/INV,CVC4/selected,proved,6
FieldInt/M1/INITIALISATION/word/INV,Z3/selected,proved,7
FieldInt/M1/INITIALISATION/word/INV,CVC3/selected,proved,5
FieldInt/M1/INITIALISATION/word/INV,veriT/all,proved,5
FieldInt/M1/INITIALISATION/word/INV,CVC4/all,proved,6
FieldInt/M1/INITIALISATION/word/INV,Z3/all,proved,7
FieldInt/M1/INITIALISATION/word/INV,CVC3/all,proved,5
FieldInt/M1/insert/word/INV,veriT/selected,proved,6
FieldInt/M1/insert/word/INV,CVC4/selected,proved,8
FieldInt/M1/insert/word/INV,Z3/selected,proved,8
FieldInt/M1/insert/word/INV,CVC3/selected,proved,12
FieldInt/M1/insert/word/INV,veriT/all,proved,6
FieldInt/M1/insert/word/INV,CVC4/all,proved,9
FieldInt/M1/insert/word/INV,Z3/all,proved,8
FieldInt/M1/insert/word/INV,CVC3/all,proved,20
FieldInt/M1/insert/glue/INV,veriT/selected,failed,5
FieldInt/M1/insert/glue/INV,CVC4/selected,failed,17
FieldInt/M1/insert/glue/INV,Z3/selected,failed,8
FieldInt/M1/insert/glue/INV,CVC3/selected,failed,7
FieldInt/M1/insert/glue/INV,veriT/all,failed,75
FieldInt/M1/insert/glue/INV,CVC4/all,failed,10002
FieldInt/M1/insert/glue/INV,Z3/all,proved,76
FieldInt/M1/insert/glue/INV,CVC3/all,proved,17
FieldInt/M1/extract/grd1/GRD,veriT/selected,failed,6
FieldInt/M1/extract/grd1/GRD,CVC4/selected,failed,17
FieldInt/M1/extract/grd1/GRD,Z3/selected,failed,9
FieldInt/M1/extract/grd1/GRD,CVC3/selected,failed,8
FieldInt/M1/extract/grd1/GRD,veriT/all,failed,9
FieldInt/M1/extract/grd1/GRD,CVC4/all,failed,10001
FieldInt/M1/extract/grd1/GRD,Z3/all,proved,353
FieldInt/M1/extract/grd1/GRD,CVC3/all,proved,24
DecodeInt/M0/INITIALISATION/fields/INV,veriT/selected,proved,14
DecodeInt/M0/INITIALISATION/fields/INV,CVC4/selected,proved,7
DecodeInt/M0/INITIALISATION/fields/INV,Z3/selected,proved,8
DecodeInt/M0/INITIALISATION/fields/INV,CVC3/selected,proved,6
DecodeInt/M0/INITIALISATION/fields/INV,veriT/all,proved,6
DecodeInt/M0/INITIALISATION/fields/INV,CVC4/all,proved,8
DecodeInt/M0/INITIALISATION/fields/INV,Z3/all,proved,8
DecodeInt/M0/INITIALISATION/fields/INV,CVC3/all,proved,5
DecodeInt/M0/INITIALISATION/fields/INV,veriT/selected,proved,5
DecodeInt/M0/INITIALISATION/fields/INV,CVC4/selected,proved,7
DecodeInt/M0/INITIALISATION/fields/INV,Z3/selected,proved,7
DecodeInt/M0/INITIALISATION/fields/INV,CVC3/selected,proved,5
DecodeInt/M0/INITIALISATION/fields/INV,veriT/all,proved,5
DecodeInt/M0/INITIALISATION/fields/INV,CVC4/all,proved,7
DecodeInt/M0/INITIALISATION/fields/INV,Z3/all,proved,7
DecodeInt/M0/INITIALISATION/fields/INV,CVC3/all,proved,5
DecodeInt/M0/INITIALISATION/fields/INV,veriT/selected,proved,5
DecodeInt/M0/INITIALISATION/fields/INV,CVC4/selected,proved,6
DecodeInt/M0/INITIALISATION/fields/INV,Z3/selected,proved,7
DecodeInt/M0/INITIALISATION/fields/INV,CVC3/selected,proved,5
DecodeInt/M0/INITIALISATION/fields/INV,veriT/all,proved,5
DecodeInt/M0/INITIALISATION/fields/INV,CVC4/all,proved,7
DecodeInt/M0/INITIALISATION/fields/INV,Z3/all,proved,8
DecodeInt/M0/INITIALISATION/fields/INV,CVC3/all,proved,6
DecodeInt/M1/INITIALISATION/word/INV,veriT/selected,proved,5
DecodeInt/M1/INITIALISATION/word/INV,CVC4/selected,proved,6
DecodeInt/M1/INITIALISATION/word/INV,Z3/selected,proved,7
DecodeInt/M1/INITIALISATION/word/INV,CVC3/selected,proved,5
DecodeInt/M1/INITIALISATION/word/INV,veriT/all,proved,5
DecodeInt/M1/INITIALISATION/word/INV,CVC4/all,proved,8
DecodeInt/M1/INITIALISATION/word/INV,Z3/all,proved,8
DecodeInt/M1/INITIALISATION/word/INV,CVC3/all,proved,6
DecodeInt/M1/decode/grd1/GRD,veriT/selected,failed,6
DecodeInt/M1/decode/grd1/GRD,CVC4/selected,failed,21
DecodeInt/M1/decode/grd1/GRD,Z3/selected,failed,10
DecodeInt/M1/decode/grd1/GRD,CVC3/selected,failed,10
DecodeInt/M1/decode/grd1/GRD,veriT/all,proved,9
DecodeInt/M1/decode/grd1/GRD,CVC4/all,proved,12
DecodeInt/M1/decode/grd1/GRD,Z3/all,proved,10
DecodeInt/M1/decode/grd1/GRD,CVC3/all,proved,38
DecodeInt/M1/decode/grd1/GRD,veriT/selected,failed,6
DecodeInt/M1/decode/grd1/GRD,CVC4/selected,failed,24
DecodeInt/M1/decode/grd1/GRD,Z3/selected,failed,9
DecodeInt/M1/decode/grd1/GRD,CVC3/selected,failed,13
DecodeInt/M1/decode/grd1/GRD,veriT/all,failed,13
DecodeInt/M1/decode/grd1/GRD,CVC4/all,proved,230
DecodeInt/M1/decode/grd1/GRD,Z3/all,proved,3540
DecodeInt/M1/decode/grd1/GRD,CVC3/all,proved,37
DecodeInt/M1/decode/grd1/GRD,veriT/selected,failed,6
DecodeInt/M1/decode/grd1/GRD,CVC4/selected,failed,17
DecodeInt/M1/decode/grd1/GRD,Z3/selected,failed,8
DecodeInt/M1/decode/grd1/GRD,CVC3/selected,failed,7
DecodeInt/M1/decode/grd1/GRD,veriT/all,failed,9
DecodeInt/M1/decode/grd1/GRD,CVC4/all,failed,10001
DecodeInt/M1/decode/grd1/GRD,Z3/all,proved,5645
DecodeInt/M1/decode/grd1/GRD,CVC3/all,proved,38
DecodeInt/M1/decode/grd1/GRD,veriT/selected,failed,6
DecodeInt/M1/decode/grd1/GRD,CVC4/selected,failed,17
DecodeInt/M1/decode/grd1/GRD,Z3/selected,failed,13
DecodeInt/M1/decode/grd1/GRD,CVC3/selected,failed,9
DecodeInt/M1/decode/grd1/GRD,veriT/all,failed,11
DecodeInt/M1/decode/grd1/GRD,CVC4/all,failed,10001
DecodeInt/M1/decode/grd1/GRD,Z3/all,failed,10001
DecodeInt/M1/decode/grd1/GRD,CVC3/all,proved,41
DecodeInt/M1/decode/grd1/GRD,veriT/selected,failed,6
DecodeInt/M1/decode/grd1/GRD,CVC4/selected,failed,18
DecodeInt/M1/decode/grd1/GRD,Z3/selected,failed,27
DecodeInt/M1/decode/grd1/GRD,CVC3/selected,failed,8
DecodeInt/M1/decode/grd1/GRD,veriT/all,failed,10
DecodeInt/M1/decode/grd1/GRD,CVC4/all,failed,10003
DecodeInt/M1/decode/grd1/GRD,Z3/all,proved,3789
DecodeInt/M1/decode/grd1/GRD,CVC3/all,proved,41
DecodeInt/M1/decode/grd1/GRD,veriT/selected,failed,6
DecodeInt/M1/decode/grd1/GRD,CVC4/selected,failed,21
DecodeInt/M1/decode/grd1/GRD,Z3/selected,failed,8
DecodeInt/M1/decode/grd1/GRD,CVC3/selected,failed,9
DecodeInt/M1/decode/grd1/GRD,veriT/all,failed,11
DecodeInt/M1/decode/grd1/GRD,CVC4/all,proved,16
DecodeInt/M1/decode/grd1/GRD,Z3/all,proved,1085
DecodeInt/M1/decode/grd1/GRD,CVC3/all,proved,39
DecodeInt/M1/set_rd/word/INV,veriT/selected,proved,7
DecodeInt/M1/set_rd/word/INV,CVC4/selected,proved,10
DecodeInt/M1/set_rd/word/INV,Z3/selected,proved,10
DecodeInt/M1/set_rd/word/INV,CVC3/selected,proved,16
DecodeInt/M1/set_rd/word/INV,veriT/all,proved,8
DecodeInt/M1/set_rd/word/INV,CVC4/all,proved,13
DecodeInt/M1/set_rd/word/INV,Z3/all,proved,11
DecodeInt/M1/set_rd/word/INV,CVC3/all,proved,37
DecodeInt/M1/set_rd/glue/INV,veriT/selected,failed,7
DecodeInt/M1/set_rd/glue/INV,CVC4/selected,failed,22
DecodeInt/M1/set_rd/glue/INV,Z3/selected,failed,9
DecodeInt/M1/set_rd/glue/INV,CVC3/selected,failed,8
DecodeInt/M1/set_rd/glue/INV,veriT/all,failed,37
DecodeInt/M1/set_rd/glue/INV,CVC4/all,failed,10001
DecodeInt/M1/set_rd/glue/INV,Z3/all,proved,1546
DecodeInt/M1/set_rd/glue/INV,CVC3/all,proved,27
AddInt/M0/INITIALISATION/words/INV,veriT/selected,proved,6
AddInt/M0/INITIALISATION/words/INV,CVC4/selected,proved,7
AddInt/M0/INITIALISATION/words/INV,Z3/selected,proved,7
AddInt/M0/INITIALISATION/words/INV,CVC3/selected,proved,5
AddInt/M0/INITIALISATION/words/INV,veriT/all,proved,5
AddInt/M0/INITIALISATION/words/INV,CVC4/all,proved,6
AddInt/M0/INITIALISATION/words/INV,Z3/all,proved,8
AddInt/M0/INITIALISATION/words/INV,CVC3/all,proved,5
AddInt/M1/add/grd1/GRD,veriT/selected,proved,25
AddInt/M1/add/grd1/GRD,CVC4/selected,proved,41
AddInt/M1/add/grd1/GRD,Z3/selected,proved,18
AddInt/M1/add/grd1/GRD,CVC3/selected,failed,10000
AddInt/M1/add/grd1/GRD,veriT/all,proved,20
AddInt/M1/add/grd1/GRD,CVC4/all,proved,44
AddInt/M1/add/grd1/GRD,Z3/all,proved,21
AddInt/M1/add/grd1/GRD,CVC3/all,failed,10000
AddInt/M1/add/grd1/GRD,veriT/selected,proved,26
AddInt/M1/add/grd1/GRD,CVC4/selected,proved,50
AddInt/M1/add/grd1/GRD,Z3/selected,proved,17
AddInt/M1/add/grd1/GRD,CVC3/selected,proved,375
AddInt/M1/add/grd1/GRD,veriT/all,proved,19
AddInt/M1/add/grd1/GRD,CVC4/all,proved,52
AddInt/M1/add/grd1/GRD,Z3/all,proved,17
AddInt/M1/add/grd1/GRD,CVC3/all,failed,10000
AddInt/M1/sub/grd1/GRD,veriT/selected,proved,12
AddInt/M1/sub/grd1/GRD,CVC4/selected,proved,32
AddInt/M1/sub/grd1/GRD,Z3/selected,proved,14
AddInt/M1/sub/grd1/GRD,CVC3/selected,proved,378
AddInt/M1/sub/grd1/GRD,veriT/all,proved,14
AddInt/M1/sub/grd1/GRD,CVC4/all,proved,37
AddInt/M1/sub/grd1/GRD,Z3/all,proved,17
AddInt/M1/sub/grd1/GRD,CVC3/all,failed,10002
AddInt/M1/sub/grd1/GRD,veriT/selected,proved,14
AddInt/M1/sub/grd1/GRD,CVC4/selected,proved,56
AddInt/M1/sub/grd1/GRD,Z3/selected,proved,21
AddInt/M1/sub/grd1/GRD,CVC3/selected,failed,10000
AddInt/M1/sub/grd1/GRD,veriT/all,proved,26
AddInt/M1/sub/grd1/GRD,CVC4/all,proved,57
AddInt/M1/sub/grd1/GRD,Z3/all,proved,23
AddInt/M1/sub/grd1/GRD,CVC3/all,failed,10000
AddInt/M1/sub/grd1/GRD,veriT/selected,proved,16
AddInt/M1/sub/grd1/GRD,CVC4/selected,proved,43
AddInt/M1/sub/grd1/GRD,Z3/selected,proved,15
AddInt/M1/sub/grd1/GRD,CVC3/selected,proved,370
AddInt/M1/sub/grd1/GRD,veriT/all,proved,22
AddInt/M1/sub/grd1/GRD,CVC4/all,proved,47
AddInt/M1/sub/grd1/GRD,Z3/all,proved,16
AddInt/M1/sub/grd1/GRD,CVC3/all,failed,10000
Shift/M0/INITIALISATION/words/INV,veriT/selected,proved,9
Shift/M0/INITIALISATION/words/INV,CVC4/selected,proved,7
Shift/M0/INITIALISATION/words/INV,Z3/selected,proved,7
Shift/M0/INITIALISATION/words/INV,CVC3/selected,proved,5
Shift/M0/INITIALISATION/words/INV,veriT/all,proved,9
Shift/M0/INITIALISATION/words/INV,CVC4/all,proved,6
Shift/M0/INITIALISATION/words/INV,Z3/all,proved,7
Shift/M0/INITIALISATION/words/INV,CVC3/all,proved,5
Shift/M0/srl/words/INV,veriT/selected,proved,13
Shift/M0/srl/words/INV,CVC4/selected,proved,26
Shift/M0/srl/words/INV,Z3/selected,proved,12
Shift/M0/srl/words/INV,CVC3/selected,proved,219
Shift/M0/srl/words/INV,veriT/all,proved,11
Shift/M0/srl/words/INV,CVC4/all,proved,25
Shift/M0/srl/words/INV,Z3/all,proved,13
Shift/M0/srl/words/INV,CVC3/all,proved,231
Shift/M1/sll/act1/SIM,veriT/selected,failed,10000
Shift/M1/sll/act1/SIM,CVC4/selected,failed,10002
Shift/M1/sll/act1/SIM,Z3/selected,failed,10000
Shift/M1/sll/act1/SIM,CVC3/selected,proved,2405
Shift/M1/sll/act1/SIM,veriT/all,failed,10000
Shift/M1/sll/act1/SIM,CVC4/all,failed,10003
Shift/M1/sll/act1/SIM,Z3/all,failed,10000
Shift/M1/sll/act1/SIM,CVC3/all,proved,2499
Shift/M1/srl/act1/SIM,veriT/selected,proved,312
Shift/M1/srl/act1/SIM,CVC4/selected,proved,271
Shift/M1/srl/act1/SIM,Z3/selected,proved,23
Shift/M1/srl/act1/SIM,CVC3/selected,failed,10000
Shift/M1/srl/act1/SIM,veriT/all,proved,605
Shift/M1/srl/act1/SIM,CVC4/all,proved,292
Shift/M1/srl/act1/SIM,Z3/all,proved,27
Shift/M1/srl/act1/SIM,CVC3/all,failed,10001
BridgeRegion/M0/INITIALISATION/outputs/INV,veriT/selected,proved,6
BridgeRegion/M0/INITIALISATION/outputs/INV,CVC4/selected,proved,8
BridgeRegion/M0/INITIALISATION/outputs/INV,Z3/selected,proved,8
BridgeRegion/M0/INITIALISATION/outputs/INV,CVC3/selected,proved,6
BridgeRegion/M0/INITIALISATION/outputs/INV,veriT/all,proved,5
BridgeRegion/M0/INITIALISATION/outputs/INV,CVC4/all,proved,6
BridgeRegion/M0/INITIALISATION/outputs/INV,Z3/all,proved,7
BridgeRegion/M0/INITIALISATION/outputs/INV,CVC3/all,proved,9
BridgeRegion/M0/eval/outputs/INV,veriT/selected,proved,13
BridgeRegion/M0/eval/outputs/INV,CVC4/selected,proved,12
BridgeRegion/M0/eval/outputs/INV,Z3/selected,proved,12
BridgeRegion/M0/eval/outputs/INV,CVC3/selected,proved,11
BridgeRegion/M0/eval/outputs/INV,veriT/all,proved,9
BridgeRegion/M0/eval/outputs/INV,CVC4/all,proved,12
BridgeRegion/M0/eval/outputs/INV,Z3/all,proved,10
BridgeRegion/M0/eval/outputs/INV,CVC3/all,failed,8
BridgeRegion/M0/eval/act0/WD,veriT/selected,proved,2
BridgeRegion/M0/eval/act0/WD,CVC4/selected,proved,0
BridgeRegion/M0/eval/act0/WD,Z3/selected,proved,0
BridgeRegion/M0/eval/act0/WD,CVC3/selected,proved,0
BridgeRegion/M0/eval/act0/WD,veriT/all,proved,0
BridgeRegion/M0/eval/act0/WD,CVC4/all,proved,0
BridgeRegion/M0/eval/act0/WD,Z3/all,proved,0
BridgeRegion/M0/eval/act0/WD,CVC3/all,proved,0
BridgeRegion/M0/eval/act0/WD,veriT/selected,proved,6
BridgeRegion/M0/eval/act0/WD,CVC4/selected,proved,9
BridgeRegion/M0/eval/act0/WD,Z3/selected,proved,8
BridgeRegion/M0/eval/act0/WD,CVC3/selected,failed,7
BridgeRegion/M0/eval/act0/WD,veriT/all,proved,6
BridgeRegion/M0/eval/act0/WD,CVC4/all,proved,9
BridgeRegion/M0/eval/act0/WD,Z3/all,proved,8
BridgeRegion/M0/eval/act0/WD,CVC3/all,failed,7
BridgeRegion/M1/eval/act0/WD,veriT/selected,proved,0
BridgeRegion/M1/eval/act0/WD,CVC4/selected,proved,0
BridgeRegion/M1/eval/act0/WD,Z3/selected,proved,0
BridgeRegion/M1/eval/act0/WD,CVC3/selected,proved,0
BridgeRegion/M1/eval/act0/WD,veriT/all,proved,0
BridgeRegion/M1/eval/act0/WD,CVC4/all,proved,0
BridgeRegion/M1/eval/act0/WD,Z3/all,proved,0
BridgeRegion/M1/eval/act0/WD,CVC3/all,proved,1
BridgeRegion/M1/eval/act0/WD,veriT/selected,proved,7
BridgeRegion/M1/eval/act0/WD,CVC4/selected,proved,10
BridgeRegion/M1/eval/act0/WD,Z3/selected,proved,9
BridgeRegion/M1/eval/act0/WD,CVC3/selected,failed,8
BridgeRegion/M1/eval/act0/WD,veriT/all,proved,7
BridgeRegion/M1/eval/act0/WD,CVC4/all,proved,10
BridgeRegion/M1/eval/act0/WD,Z3/all,proved,9
BridgeRegion/M1/eval/act0/WD,CVC3/all,failed,8
BridgeRegion/M1/eval/act0/SIM,veriT/selected,proved,7
BridgeRegion/M1/eval/act0/SIM,CVC4/selected,proved,14
BridgeRegion/M1/eval/act0/SIM,Z3/selected,proved,11
BridgeRegion/M1/eval/act0/SIM,CVC3/selected,proved,25
BridgeRegion/M1/eval/act0/SIM,veriT/all,proved,9
BridgeRegion/M1/eval/act0/SIM,CVC4/all,proved,14
BridgeRegion/M1/eval/act0/SIM,Z3/all,proved,14
BridgeRegion/M1/eval/act0/SIM,CVC3/all,failed,9
BridgeAluGates/M0/INITIALISATION/word/INV,veriT/selected,proved,13
BridgeAluGates/M0/INITIALISATION/word/INV,CVC4/selected,proved,10
BridgeAluGates/M0/INITIALISATION/word/INV,Z3/selected,proved,7
BridgeAluGates/M0/INITIALISATION/word/INV,CVC3/selected,proved,6
BridgeAluGates/M0/INITIALISATION/word/INV,veriT/all,proved,5
BridgeAluGates/M0/INITIALISATION/word/INV,CVC4/all,proved,7
BridgeAluGates/M0/INITIALISATION/word/INV,Z3/all,proved,7
BridgeAluGates/M0/INITIALISATION/word/INV,CVC3/all,proved,5
BridgeAluGates/M0/add/word/INV,veriT/selected,proved,15
BridgeAluGates/M0/add/word/INV,CVC4/selected,proved,43
BridgeAluGates/M0/add/word/INV,Z3/selected,proved,17
BridgeAluGates/M0/add/word/INV,CVC3/selected,proved,1036
BridgeAluGates/M0/add/word/INV,veriT/all,proved,17
BridgeAluGates/M0/add/word/INV,CVC4/all,proved,38
BridgeAluGates/M0/add/word/INV,Z3/all,proved,33
BridgeAluGates/M0/add/word/INV,CVC3/all,failed,11
BridgeAluGates/M0/add/act1/WD,veriT/selected,proved,1
BridgeAluGates/M0/add/act1/WD,CVC4/selected,proved,1
BridgeAluGates/M0/add/act1/WD,Z3/selected,proved,0
BridgeAluGates/M0/add/act1/WD,CVC3/selected,proved,0
BridgeAluGates/M0/add/act1/WD,veriT/all,proved,0
BridgeAluGates/M0/add/act1/WD,CVC4/all,proved,0
BridgeAluGates/M0/add/act1/WD,Z3/all,proved,0
BridgeAluGates/M0/add/act1/WD,CVC3/all,proved,0
BridgeAluGates/M0/add/act1/WD,veriT/selected,proved,24
BridgeAluGates/M0/add/act1/WD,CVC4/selected,proved,28
BridgeAluGates/M0/add/act1/WD,Z3/selected,proved,14
BridgeAluGates/M0/add/act1/WD,CVC3/selected,failed,11
BridgeAluGates/M0/add/act1/WD,veriT/all,proved,35
BridgeAluGates/M0/add/act1/WD,CVC4/all,proved,38
BridgeAluGates/M0/add/act1/WD,Z3/all,proved,17
BridgeAluGates/M0/add/act1/WD,CVC3/all,failed,12
BridgeAluGates/M0/sub/word/INV,veriT/selected,proved,16
BridgeAluGates/M0/sub/word/INV,CVC4/selected,proved,35
BridgeAluGates/M0/sub/word/INV,Z3/selected,proved,15
BridgeAluGates/M0/sub/word/INV,CVC3/selected,proved,1018
BridgeAluGates/M0/sub/word/INV,veriT/all,proved,19
BridgeAluGates/M0/sub/word/INV,CVC4/all,proved,42
BridgeAluGates/M0/sub/word/INV,Z3/all,proved,18
BridgeAluGates/M0/sub/word/INV,CVC3/all,failed,11
BridgeAluGates/M0/sub/act1/WD,veriT/selected,proved,0
BridgeAluGates/M0/sub/act1/WD,CVC4/selected,proved,1
BridgeAluGates/M0/sub/act1/WD,Z3/selected,proved,0
BridgeAluGates/M0/sub/act1/WD,CVC3/selected,proved,1
BridgeAluGates/M0/sub/act1/WD,veriT/all,proved,0
BridgeAluGates/M0/sub/act1/WD,CVC4/all,proved,3
BridgeAluGates/M0/sub/act1/WD,Z3/all,proved,1
BridgeAluGates/M0/sub/act1/WD,CVC3/all,proved,0
BridgeAluGates/M0/sub/act1/WD,veriT/selected,proved,33
BridgeAluGates/M0/sub/act1/WD,CVC4/selected,proved,34
BridgeAluGates/M0/sub/act1/WD,Z3/selected,proved,16
BridgeAluGates/M0/sub/act1/WD,CVC3/selected,failed,14
BridgeAluGates/M0/sub/act1/WD,veriT/all,proved,24
BridgeAluGates/M0/sub/act1/WD,CVC4/all,proved,28
BridgeAluGates/M0/sub/act1/WD,Z3/all,proved,14
BridgeAluGates/M0/sub/act1/WD,CVC3/all,failed,10
BridgeAluGates/M0/sll/word/INV,veriT/selected,proved,326
BridgeAluGates/M0/sll/word/INV,CVC4/selected,proved,113
BridgeAluGates/M0/sll/word/INV,Z3/selected,proved,43
BridgeAluGates/M0/sll/word/INV,CVC3/selected,proved,4520
BridgeAluGates/M0/sll/word/INV,veriT/all,failed,10001
BridgeAluGates/M0/sll/word/INV,CVC4/all,proved,575
BridgeAluGates/M0/sll/word/INV,Z3/all,proved,145
BridgeAluGates/M0/sll/word/INV,CVC3/all,failed,57
BridgeAluGates/M0/sll/act1/WD,veriT/selected,proved,1
BridgeAluGates/M0/sll/act1/WD,CVC4/selected,proved,0
BridgeAluGates/M0/sll/act1/WD,Z3/selected,proved,0
BridgeAluGates/M0/sll/act1/WD,CVC3/selected,proved,0
BridgeAluGates/M0/sll/act1/WD,veriT/all,proved,0
BridgeAluGates/M0/sll/act1/WD,CVC4/all,proved,0
BridgeAluGates/M0/sll/act1/WD,Z3/all,proved,0
BridgeAluGates/M0/sll/act1/WD,CVC3/all,proved,0
BridgeAluGates/M0/sll/act1/WD,veriT/selected,proved,9
BridgeAluGates/M0/sll/act1/WD,CVC4/selected,proved,19
BridgeAluGates/M0/sll/act1/WD,Z3/selected,proved,12
BridgeAluGates/M0/sll/act1/WD,CVC3/selected,failed,9
BridgeAluGates/M0/sll/act1/WD,veriT/all,proved,9
BridgeAluGates/M0/sll/act1/WD,CVC4/all,proved,17
BridgeAluGates/M0/sll/act1/WD,Z3/all,proved,14
BridgeAluGates/M0/sll/act1/WD,CVC3/all,failed,10
BridgeAluGates/M0/sll/act1/WD,veriT/selected,proved,0
BridgeAluGates/M0/sll/act1/WD,CVC4/selected,proved,2
BridgeAluGates/M0/sll/act1/WD,Z3/selected,proved,0
BridgeAluGates/M0/sll/act1/WD,CVC3/selected,proved,0
BridgeAluGates/M0/sll/act1/WD,veriT/all,proved,0
BridgeAluGates/M0/sll/act1/WD,CVC4/all,proved,2
BridgeAluGates/M0/sll/act1/WD,Z3/all,proved,0
BridgeAluGates/M0/sll/act1/WD,CVC3/all,proved,0
BridgeAluGates/M0/sll/act1/WD,veriT/selected,proved,14
BridgeAluGates/M0/sll/act1/WD,CVC4/selected,proved,28
BridgeAluGates/M0/sll/act1/WD,Z3/selected,proved,13
BridgeAluGates/M0/sll/act1/WD,CVC3/selected,failed,9
BridgeAluGates/M0/sll/act1/WD,veriT/all,proved,11
BridgeAluGates/M0/sll/act1/WD,CVC4/all,proved,26
BridgeAluGates/M0/sll/act1/WD,Z3/all,proved,15
BridgeAluGates/M0/sll/act1/WD,CVC3/all,failed,9
BridgeAluGates/M0/sll/act1/WD,veriT/selected,proved,0
BridgeAluGates/M0/sll/act1/WD,CVC4/selected,proved,0
BridgeAluGates/M0/sll/act1/WD,Z3/selected,proved,0
BridgeAluGates/M0/sll/act1/WD,CVC3/selected,proved,0
BridgeAluGates/M0/sll/act1/WD,veriT/all,proved,0
BridgeAluGates/M0/sll/act1/WD,CVC4/all,proved,0
BridgeAluGates/M0/sll/act1/WD,Z3/all,proved,0
BridgeAluGates/M0/sll/act1/WD,CVC3/all,proved,0
BridgeAluGates/M0/sll/act1/WD,veriT/selected,proved,12
BridgeAluGates/M0/sll/act1/WD,CVC4/selected,proved,19
BridgeAluGates/M0/sll/act1/WD,Z3/selected,proved,13
BridgeAluGates/M0/sll/act1/WD,CVC3/selected,failed,9
BridgeAluGates/M0/sll/act1/WD,veriT/all,proved,12
BridgeAluGates/M0/sll/act1/WD,CVC4/all,proved,19
BridgeAluGates/M0/sll/act1/WD,Z3/all,proved,12
BridgeAluGates/M0/sll/act1/WD,CVC3/all,failed,10
BridgeAluGates/M0/sll/act1/WD,veriT/selected,proved,0
BridgeAluGates/M0/sll/act1/WD,CVC4/selected,proved,0
BridgeAluGates/M0/sll/act1/WD,Z3/selected,proved,0
BridgeAluGates/M0/sll/act1/WD,CVC3/selected,proved,0
BridgeAluGates/M0/sll/act1/WD,veriT/all,proved,0
BridgeAluGates/M0/sll/act1/WD,CVC4/all,proved,0
BridgeAluGates/M0/sll/act1/WD,Z3/all,proved,0
BridgeAluGates/M0/sll/act1/WD,CVC3/all,proved,0
BridgeAluGates/M0/sll/act1/WD,veriT/selected,proved,17
BridgeAluGates/M0/sll/act1/WD,CVC4/selected,proved,20
BridgeAluGates/M0/sll/act1/WD,Z3/selected,proved,17
BridgeAluGates/M0/sll/act1/WD,CVC3/selected,failed,10
BridgeAluGates/M0/sll/act1/WD,veriT/all,proved,17
BridgeAluGates/M0/sll/act1/WD,CVC4/all,proved,20
BridgeAluGates/M0/sll/act1/WD,Z3/all,proved,14
BridgeAluGates/M0/sll/act1/WD,CVC3/all,failed,11
BridgeAluGates/M0/sll/act1/WD,veriT/selected,proved,0
BridgeAluGates/M0/sll/act1/WD,CVC4/selected,proved,0
BridgeAluGates/M0/sll/act1/WD,Z3/selected,proved,0
BridgeAluGates/M0/sll/act1/WD,CVC3/selected,proved,0
BridgeAluGates/M0/sll/act1/WD,veriT/all,proved,0
BridgeAluGates/M0/sll/act1/WD,CVC4/all,proved,0
BridgeAluGates/M0/sll/act1/WD,Z3/all,proved,0
BridgeAluGates/M0/sll/act1/WD,CVC3/all,proved,0
BridgeAluGates/M0/sll/act1/WD,veriT/selected,proved,21
BridgeAluGates/M0/sll/act1/WD,CVC4/selected,proved,24
BridgeAluGates/M0/sll/act1/WD,Z3/selected,proved,13
BridgeAluGates/M0/sll/act1/WD,CVC3/selected,failed,9
BridgeAluGates/M0/sll/act1/WD,veriT/all,proved,20
BridgeAluGates/M0/sll/act1/WD,CVC4/all,proved,28
BridgeAluGates/M0/sll/act1/WD,Z3/all,proved,13
BridgeAluGates/M0/sll/act1/WD,CVC3/all,failed,9
BridgeAluGates/M0/sll/act1/WD,veriT/selected,proved,11
BridgeAluGates/M0/sll/act1/WD,CVC4/selected,proved,0
BridgeAluGates/M0/sll/act1/WD,Z3/selected,proved,0
BridgeAluGates/M0/sll/act1/WD,CVC3/selected,proved,0
BridgeAluGates/M0/sll/act1/WD,veriT/all,proved,0
BridgeAluGates/M0/sll/act1/WD,CVC4/all,proved,0
BridgeAluGates/M0/sll/act1/WD,Z3/all,proved,0
BridgeAluGates/M0/sll/act1/WD,CVC3/all,proved,0
BridgeAluGates/M0/sll/act1/WD,veriT/selected,proved,24
BridgeAluGates/M0/sll/act1/WD,CVC4/selected,proved,22
BridgeAluGates/M0/sll/act1/WD,Z3/selected,proved,13
BridgeAluGates/M0/sll/act1/WD,CVC3/selected,failed,9
BridgeAluGates/M0/sll/act1/WD,veriT/all,proved,25
BridgeAluGates/M0/sll/act1/WD,CVC4/all,proved,25
BridgeAluGates/M0/sll/act1/WD,Z3/all,proved,15
BridgeAluGates/M0/sll/act1/WD,CVC3/all,failed,10
BridgeAluGates/M0/sll/act1/WD,veriT/selected,proved,0
BridgeAluGates/M0/sll/act1/WD,CVC4/selected,proved,0
BridgeAluGates/M0/sll/act1/WD,Z3/selected,proved,0
BridgeAluGates/M0/sll/act1/WD,CVC3/selected,proved,0
BridgeAluGates/M0/sll/act1/WD,veriT/all,proved,0
BridgeAluGates/M0/sll/act1/WD,CVC4/all,proved,0
BridgeAluGates/M0/sll/act1/WD,Z3/all,proved,0
BridgeAluGates/M0/sll/act1/WD,CVC3/all,proved,0
BridgeAluGates/M0/sll/act1/WD,veriT/selected,proved,30
BridgeAluGates/M0/sll/act1/WD,CVC4/selected,proved,25
BridgeAluGates/M0/sll/act1/WD,Z3/selected,proved,14
BridgeAluGates/M0/sll/act1/WD,CVC3/selected,failed,10
BridgeAluGates/M0/sll/act1/WD,veriT/all,proved,32
BridgeAluGates/M0/sll/act1/WD,CVC4/all,proved,37
BridgeAluGates/M0/sll/act1/WD,Z3/all,proved,19
BridgeAluGates/M0/sll/act1/WD,CVC3/all,failed,14
BridgeAluGates/M0/sll/act1/WD,veriT/selected,proved,0
BridgeAluGates/M0/sll/act1/WD,CVC4/selected,proved,0
BridgeAluGates/M0/sll/act1/WD,Z3/selected,proved,0
BridgeAluGates/M0/sll/act1/WD,CVC3/selected,proved,0
BridgeAluGates/M0/sll/act1/WD,veriT/all,proved,0
BridgeAluGates/M0/sll/act1/WD,CVC4/all,proved,0
BridgeAluGates/M0/sll/act1/WD,Z3/all,proved,0
BridgeAluGates/M0/sll/act1/WD,CVC3/all,proved,0
BridgeAluGates/M0/sll/act1/WD,veriT/selected,proved,40
BridgeAluGates/M0/sll/act1/WD,CVC4/selected,proved,40
BridgeAluGates/M0/sll/act1/WD,Z3/selected,proved,20
BridgeAluGates/M0/sll/act1/WD,CVC3/selected,failed,13
BridgeAluGates/M0/sll/act1/WD,veriT/all,proved,36
BridgeAluGates/M0/sll/act1/WD,CVC4/all,proved,26
BridgeAluGates/M0/sll/act1/WD,Z3/all,proved,15
BridgeAluGates/M0/sll/act1/WD,CVC3/all,failed,10
BridgeAluGates/M0/sll/act1/WD,veriT/selected,proved,0
BridgeAluGates/M0/sll/act1/WD,CVC4/selected,proved,0
BridgeAluGates/M0/sll/act1/WD,Z3/selected,proved,0
BridgeAluGates/M0/sll/act1/WD,CVC3/selected,proved,0
BridgeAluGates/M0/sll/act1/WD,veriT/all,proved,0
BridgeAluGates/M0/sll/act1/WD,CVC4/all,proved,0
BridgeAluGates/M0/sll/act1/WD,Z3/all,proved,0
BridgeAluGates/M0/sll/act1/WD,CVC3/all,proved,0
BridgeAluGates/M0/sll/act1/WD,veriT/selected,proved,47
BridgeAluGates/M0/sll/act1/WD,CVC4/selected,proved,33
BridgeAluGates/M0/sll/act1/WD,Z3/selected,proved,18
BridgeAluGates/M0/sll/act1/WD,CVC3/selected,failed,15
BridgeAluGates/M0/sll/act1/WD,veriT/all,proved,45
BridgeAluGates/M0/sll/act1/WD,CVC4/all,proved,28
BridgeAluGates/M0/sll/act1/WD,Z3/all,proved,20
BridgeAluGates/M0/sll/act1/WD,CVC3/all,failed,12
BridgeAluGates/M0/sll/act1/WD,veriT/selected,proved,0
BridgeAluGates/M0/sll/act1/WD,CVC4/selected,proved,0
BridgeAluGates/M0/sll/act1/WD,Z3/selected,proved,0
BridgeAluGates/M0/sll/act1/WD,CVC3/selected,proved,0
BridgeAluGates/M0/sll/act1/WD,veriT/all,proved,0
BridgeAluGates/M0/sll/act1/WD,CVC4/all,proved,0
BridgeAluGates/M0/sll/act1/WD,Z3/all,proved,0
BridgeAluGates/M0/sll/act1/WD,CVC3/all,proved,0
BridgeAluGates/M0/sll/act1/WD,veriT/selected,proved,173
BridgeAluGates/M0/sll/act1/WD,CVC4/selected,proved,35
BridgeAluGates/M0/sll/act1/WD,Z3/selected,proved,16
BridgeAluGates/M0/sll/act1/WD,CVC3/selected,failed,11
BridgeAluGates/M0/sll/act1/WD,veriT/all,proved,175
BridgeAluGates/M0/sll/act1/WD,CVC4/all,proved,29
BridgeAluGates/M0/sll/act1/WD,Z3/all,proved,22
BridgeAluGates/M0/sll/act1/WD,CVC3/all,failed,13
BridgeAluGates/M0/sll/act1/WD,veriT/selected,proved,1
BridgeAluGates/M0/sll/act1/WD,CVC4/selected,proved,0
BridgeAluGates/M0/sll/act1/WD,Z3/selected,proved,0
BridgeAluGates/M0/sll/act1/WD,CVC3/selected,proved,0
BridgeAluGates/M0/sll/act1/WD,veriT/all,proved,0
BridgeAluGates/M0/sll/act1/WD,CVC4/all,proved,0
BridgeAluGates/M0/sll/act1/WD,Z3/all,proved,0
BridgeAluGates/M0/sll/act1/WD,CVC3/all,proved,0
BridgeAluGates/M0/sll/act1/WD,veriT/selected,proved,115
BridgeAluGates/M0/sll/act1/WD,CVC4/selected,proved,35
BridgeAluGates/M0/sll/act1/WD,Z3/selected,proved,17
BridgeAluGates/M0/sll/act1/WD,CVC3/selected,failed,16
BridgeAluGates/M0/sll/act1/WD,veriT/all,proved,128
BridgeAluGates/M0/sll/act1/WD,CVC4/all,proved,32
BridgeAluGates/M0/sll/act1/WD,Z3/all,proved,18
BridgeAluGates/M0/sll/act1/WD,CVC3/all,failed,11
BridgeAluGates/M0/sll/act1/WD,veriT/selected,proved,1
BridgeAluGates/M0/sll/act1/WD,CVC4/selected,proved,0
BridgeAluGates/M0/sll/act1/WD,Z3/selected,proved,0
BridgeAluGates/M0/sll/act1/WD,CVC3/selected,proved,0
BridgeAluGates/M0/sll/act1/WD,veriT/all,proved,0
BridgeAluGates/M0/sll/act1/WD,CVC4/all,proved,0
BridgeAluGates/M0/sll/act1/WD,Z3/all,proved,0
BridgeAluGates/M0/sll/act1/WD,CVC3/all,proved,0
BridgeAluGates/M0/sll/act1/WD,veriT/selected,proved,152
BridgeAluGates/M0/sll/act1/WD,CVC4/selected,proved,39
BridgeAluGates/M0/sll/act1/WD,Z3/selected,proved,32
BridgeAluGates/M0/sll/act1/WD,CVC3/selected,failed,16
BridgeAluGates/M0/sll/act1/WD,veriT/all,proved,70
BridgeAluGates/M0/sll/act1/WD,CVC4/all,proved,40
BridgeAluGates/M0/sll/act1/WD,Z3/all,proved,23
BridgeAluGates/M0/sll/act1/WD,CVC3/all,failed,19
BridgeAluGates/M0/sll/act1/WD,veriT/selected,proved,0
BridgeAluGates/M0/sll/act1/WD,CVC4/selected,proved,0
BridgeAluGates/M0/sll/act1/WD,Z3/selected,proved,0
BridgeAluGates/M0/sll/act1/WD,CVC3/selected,proved,0
BridgeAluGates/M0/sll/act1/WD,veriT/all,proved,0
BridgeAluGates/M0/sll/act1/WD,CVC4/all,proved,0
BridgeAluGates/M0/sll/act1/WD,Z3/all,proved,0
BridgeAluGates/M0/sll/act1/WD,CVC3/all,proved,0
BridgeAluGates/M0/sll/act1/WD,veriT/selected,proved,94
BridgeAluGates/M0/sll/act1/WD,CVC4/selected,proved,42
BridgeAluGates/M0/sll/act1/WD,Z3/selected,proved,19
BridgeAluGates/M0/sll/act1/WD,CVC3/selected,failed,15
BridgeAluGates/M0/sll/act1/WD,veriT/all,proved,87
BridgeAluGates/M0/sll/act1/WD,CVC4/all,proved,36
BridgeAluGates/M0/sll/act1/WD,Z3/all,proved,22
BridgeAluGates/M0/sll/act1/WD,CVC3/all,failed,13
BridgeAluGates/M0/sll/act1/WD,veriT/selected,proved,1
BridgeAluGates/M0/sll/act1/WD,CVC4/selected,proved,0
BridgeAluGates/M0/sll/act1/WD,Z3/selected,proved,0
BridgeAluGates/M0/sll/act1/WD,CVC3/selected,proved,0
BridgeAluGates/M0/sll/act1/WD,veriT/all,proved,0
BridgeAluGates/M0/sll/act1/WD,CVC4/all,proved,0
BridgeAluGates/M0/sll/act1/WD,Z3/all,proved,0
BridgeAluGates/M0/sll/act1/WD,CVC3/all,proved,0
BridgeAluGates/M0/sll/act1/WD,veriT/selected,proved,3316
BridgeAluGates/M0/sll/act1/WD,CVC4/selected,proved,39
BridgeAluGates/M0/sll/act1/WD,Z3/selected,proved,19
BridgeAluGates/M0/sll/act1/WD,CVC3/selected,failed,13
BridgeAluGates/M0/sll/act1/WD,veriT/all,proved,3247
BridgeAluGates/M0/sll/act1/WD,CVC4/all,proved,54
BridgeAluGates/M0/sll/act1/WD,Z3/all,proved,20
BridgeAluGates/M0/sll/act1/WD,CVC3/all,failed,14
BridgeAluGates/M0/sll/act1/WD,veriT/selected,proved,0
BridgeAluGates/M0/sll/act1/WD,CVC4/selected,proved,0
BridgeAluGates/M0/sll/act1/WD,Z3/selected,proved,0
BridgeAluGates/M0/sll/act1/WD,CVC3/selected,proved,0
BridgeAluGates/M0/sll/act1/WD,veriT/all,proved,0
BridgeAluGates/M0/sll/act1/WD,CVC4/all,proved,0
BridgeAluGates/M0/sll/act1/WD,Z3/all,proved,0
BridgeAluGates/M0/sll/act1/WD,CVC3/all,proved,0
BridgeAluGates/M0/sll/act1/WD,veriT/selected,proved,98
BridgeAluGates/M0/sll/act1/WD,CVC4/selected,proved,41
BridgeAluGates/M0/sll/act1/WD,Z3/selected,proved,19
BridgeAluGates/M0/sll/act1/WD,CVC3/selected,failed,14
BridgeAluGates/M0/sll/act1/WD,veriT/all,proved,101
BridgeAluGates/M0/sll/act1/WD,CVC4/all,proved,42
BridgeAluGates/M0/sll/act1/WD,Z3/all,proved,19
BridgeAluGates/M0/sll/act1/WD,CVC3/all,failed,13
BridgeAluGates/M0/sll/act1/WD,veriT/selected,proved,1
BridgeAluGates/M0/sll/act1/WD,CVC4/selected,proved,0
BridgeAluGates/M0/sll/act1/WD,Z3/selected,proved,0
BridgeAluGates/M0/sll/act1/WD,CVC3/selected,proved,0
BridgeAluGates/M0/sll/act1/WD,veriT/all,proved,0
BridgeAluGates/M0/sll/act1/WD,CVC4/all,proved,0
BridgeAluGates/M0/sll/act1/WD,Z3/all,proved,0
BridgeAluGates/M0/sll/act1/WD,CVC3/all,proved,0
BridgeAluGates/M0/sll/act1/WD,veriT/selected,proved,3360
BridgeAluGates/M0/sll/act1/WD,CVC4/selected,proved,60
BridgeAluGates/M0/sll/act1/WD,Z3/selected,proved,20
BridgeAluGates/M0/sll/act1/WD,CVC3/selected,failed,14
BridgeAluGates/M0/sll/act1/WD,veriT/all,proved,3459
BridgeAluGates/M0/sll/act1/WD,CVC4/all,proved,40
BridgeAluGates/M0/sll/act1/WD,Z3/all,proved,20
BridgeAluGates/M0/sll/act1/WD,CVC3/all,failed,13
BridgeAluGates/M0/sll/act1/WD,veriT/selected,proved,0
BridgeAluGates/M0/sll/act1/WD,CVC4/selected,proved,0
BridgeAluGates/M0/sll/act1/WD,Z3/selected,proved,0
BridgeAluGates/M0/sll/act1/WD,CVC3/selected,proved,0
BridgeAluGates/M0/sll/act1/WD,veriT/all,proved,0
BridgeAluGates/M0/sll/act1/WD,CVC4/all,proved,0
BridgeAluGates/M0/sll/act1/WD,Z3/all,proved,0
BridgeAluGates/M0/sll/act1/WD,CVC3/all,proved,0
BridgeAluGates/M0/sll/act1/WD,veriT/selected,failed,10000
BridgeAluGates/M0/sll/act1/WD,CVC4/selected,proved,41
BridgeAluGates/M0/sll/act1/WD,Z3/selected,proved,21
BridgeAluGates/M0/sll/act1/WD,CVC3/selected,failed,13
BridgeAluGates/M0/sll/act1/WD,veriT/all,failed,10000
BridgeAluGates/M0/sll/act1/WD,CVC4/all,proved,42
BridgeAluGates/M0/sll/act1/WD,Z3/all,proved,29
BridgeAluGates/M0/sll/act1/WD,CVC3/all,failed,14
BridgeAluGates/M0/sll/act1/WD,veriT/selected,proved,1
BridgeAluGates/M0/sll/act1/WD,CVC4/selected,proved,0
BridgeAluGates/M0/sll/act1/WD,Z3/selected,proved,0
BridgeAluGates/M0/sll/act1/WD,CVC3/selected,proved,0
BridgeAluGates/M0/sll/act1/WD,veriT/all,proved,0
BridgeAluGates/M0/sll/act1/WD,CVC4/all,proved,0
BridgeAluGates/M0/sll/act1/WD,Z3/all,proved,0
BridgeAluGates/M0/sll/act1/WD,CVC3/all,proved,0
BridgeAluGates/M0/sll/act1/WD,veriT/selected,proved,9242
BridgeAluGates/M0/sll/act1/WD,CVC4/selected,proved,45
BridgeAluGates/M0/sll/act1/WD,Z3/selected,proved,23
BridgeAluGates/M0/sll/act1/WD,CVC3/selected,failed,17
BridgeAluGates/M0/sll/act1/WD,veriT/all,proved,9249
BridgeAluGates/M0/sll/act1/WD,CVC4/all,proved,45
BridgeAluGates/M0/sll/act1/WD,Z3/all,proved,21
BridgeAluGates/M0/sll/act1/WD,CVC3/all,failed,14
BridgeAluGates/M0/sll/act1/WD,veriT/selected,proved,0
BridgeAluGates/M0/sll/act1/WD,CVC4/selected,proved,0
BridgeAluGates/M0/sll/act1/WD,Z3/selected,proved,0
BridgeAluGates/M0/sll/act1/WD,CVC3/selected,proved,0
BridgeAluGates/M0/sll/act1/WD,veriT/all,proved,0
BridgeAluGates/M0/sll/act1/WD,CVC4/all,proved,0
BridgeAluGates/M0/sll/act1/WD,Z3/all,proved,0
BridgeAluGates/M0/sll/act1/WD,CVC3/all,proved,0
BridgeAluGates/M0/sll/act1/WD,veriT/selected,failed,10000
BridgeAluGates/M0/sll/act1/WD,CVC4/selected,proved,46
BridgeAluGates/M0/sll/act1/WD,Z3/selected,proved,22
BridgeAluGates/M0/sll/act1/WD,CVC3/selected,failed,14
BridgeAluGates/M0/sll/act1/WD,veriT/all,failed,10000
BridgeAluGates/M0/sll/act1/WD,CVC4/all,proved,47
BridgeAluGates/M0/sll/act1/WD,Z3/all,proved,22
BridgeAluGates/M0/sll/act1/WD,CVC3/all,failed,14
BridgeAluGates/M0/sll/act1/WD,veriT/selected,proved,0
BridgeAluGates/M0/sll/act1/WD,CVC4/selected,proved,0
BridgeAluGates/M0/sll/act1/WD,Z3/selected,proved,0
BridgeAluGates/M0/sll/act1/WD,CVC3/selected,proved,0
BridgeAluGates/M0/sll/act1/WD,veriT/all,proved,0
BridgeAluGates/M0/sll/act1/WD,CVC4/all,proved,0
BridgeAluGates/M0/sll/act1/WD,Z3/all,proved,0
BridgeAluGates/M0/sll/act1/WD,CVC3/all,proved,0
BridgeAluGates/M0/sll/act1/WD,veriT/selected,proved,646
BridgeAluGates/M0/sll/act1/WD,CVC4/selected,proved,52
BridgeAluGates/M0/sll/act1/WD,Z3/selected,proved,23
BridgeAluGates/M0/sll/act1/WD,CVC3/selected,failed,16
BridgeAluGates/M0/sll/act1/WD,veriT/all,proved,674
BridgeAluGates/M0/sll/act1/WD,CVC4/all,proved,49
BridgeAluGates/M0/sll/act1/WD,Z3/all,proved,27
BridgeAluGates/M0/sll/act1/WD,CVC3/all,failed,17
BridgeAluGates/M0/sll/act1/WD,veriT/selected,proved,0
BridgeAluGates/M0/sll/act1/WD,CVC4/selected,proved,0
BridgeAluGates/M0/sll/act1/WD,Z3/selected,proved,0
BridgeAluGates/M0/sll/act1/WD,CVC3/selected,proved,0
BridgeAluGates/M0/sll/act1/WD,veriT/all,proved,0
BridgeAluGates/M0/sll/act1/WD,CVC4/all,proved,0
BridgeAluGates/M0/sll/act1/WD,Z3/all,proved,0
BridgeAluGates/M0/sll/act1/WD,CVC3/all,proved,0
BridgeAluGates/M0/sll/act1/WD,veriT/selected,failed,10000
BridgeAluGates/M0/sll/act1/WD,CVC4/selected,proved,51
BridgeAluGates/M0/sll/act1/WD,Z3/selected,proved,23
BridgeAluGates/M0/sll/act1/WD,CVC3/selected,failed,16
BridgeAluGates/M0/sll/act1/WD,veriT/all,failed,10000
BridgeAluGates/M0/sll/act1/WD,CVC4/all,proved,53
BridgeAluGates/M0/sll/act1/WD,Z3/all,proved,24
BridgeAluGates/M0/sll/act1/WD,CVC3/all,failed,17
BridgeAluGates/M0/sll/act1/WD,veriT/selected,proved,0
BridgeAluGates/M0/sll/act1/WD,CVC4/selected,proved,0
BridgeAluGates/M0/sll/act1/WD,Z3/selected,proved,0
BridgeAluGates/M0/sll/act1/WD,CVC3/selected,proved,0
BridgeAluGates/M0/sll/act1/WD,veriT/all,proved,0
BridgeAluGates/M0/sll/act1/WD,CVC4/all,proved,0
BridgeAluGates/M0/sll/act1/WD,Z3/all,proved,0
BridgeAluGates/M0/sll/act1/WD,CVC3/all,proved,0
BridgeAluGates/M0/sll/act1/WD,veriT/selected,failed,10000
BridgeAluGates/M0/sll/act1/WD,CVC4/selected,proved,53
BridgeAluGates/M0/sll/act1/WD,Z3/selected,proved,35
BridgeAluGates/M0/sll/act1/WD,CVC3/selected,failed,16
BridgeAluGates/M0/sll/act1/WD,veriT/all,failed,10000
BridgeAluGates/M0/sll/act1/WD,CVC4/all,proved,52
BridgeAluGates/M0/sll/act1/WD,Z3/all,proved,31
BridgeAluGates/M0/sll/act1/WD,CVC3/all,failed,16
BridgeAluGates/M0/sll/act1/WD,veriT/selected,proved,0
BridgeAluGates/M0/sll/act1/WD,CVC4/selected,proved,0
BridgeAluGates/M0/sll/act1/WD,Z3/selected,proved,0
BridgeAluGates/M0/sll/act1/WD,CVC3/selected,proved,0
BridgeAluGates/M0/sll/act1/WD,veriT/all,proved,0
BridgeAluGates/M0/sll/act1/WD,CVC4/all,proved,0
BridgeAluGates/M0/sll/act1/WD,Z3/all,proved,0
BridgeAluGates/M0/sll/act1/WD,CVC3/all,proved,0
BridgeAluGates/M0/sll/act1/WD,veriT/selected,failed,10000
BridgeAluGates/M0/sll/act1/WD,CVC4/selected,proved,83
BridgeAluGates/M0/sll/act1/WD,Z3/selected,proved,29
BridgeAluGates/M0/sll/act1/WD,CVC3/selected,failed,15
BridgeAluGates/M0/sll/act1/WD,veriT/all,failed,10000
BridgeAluGates/M0/sll/act1/WD,CVC4/all,proved,59
BridgeAluGates/M0/sll/act1/WD,Z3/all,proved,33
BridgeAluGates/M0/sll/act1/WD,CVC3/all,failed,17
BridgeAluGates/M0/sll/act1/WD,veriT/selected,proved,0
BridgeAluGates/M0/sll/act1/WD,CVC4/selected,proved,0
BridgeAluGates/M0/sll/act1/WD,Z3/selected,proved,0
BridgeAluGates/M0/sll/act1/WD,CVC3/selected,proved,0
BridgeAluGates/M0/sll/act1/WD,veriT/all,proved,0
BridgeAluGates/M0/sll/act1/WD,CVC4/all,proved,0
BridgeAluGates/M0/sll/act1/WD,Z3/all,proved,0
BridgeAluGates/M0/sll/act1/WD,CVC3/all,proved,0
BridgeAluGates/M0/sll/act1/WD,veriT/selected,proved,306
BridgeAluGates/M0/sll/act1/WD,CVC4/selected,proved,64
BridgeAluGates/M0/sll/act1/WD,Z3/selected,proved,36
BridgeAluGates/M0/sll/act1/WD,CVC3/selected,failed,21
BridgeAluGates/M0/sll/act1/WD,veriT/all,proved,354
BridgeAluGates/M0/sll/act1/WD,CVC4/all,proved,65
BridgeAluGates/M0/sll/act1/WD,Z3/all,proved,32
BridgeAluGates/M0/sll/act1/WD,CVC3/all,failed,18
BridgeAluGates/M0/sll/act1/WD,veriT/selected,proved,0
BridgeAluGates/M0/sll/act1/WD,CVC4/selected,proved,0
BridgeAluGates/M0/sll/act1/WD,Z3/selected,proved,0
BridgeAluGates/M0/sll/act1/WD,CVC3/selected,proved,0
BridgeAluGates/M0/sll/act1/WD,veriT/all,proved,0
BridgeAluGates/M0/sll/act1/WD,CVC4/all,proved,0
BridgeAluGates/M0/sll/act1/WD,Z3/all,proved,0
BridgeAluGates/M0/sll/act1/WD,CVC3/all,proved,0
BridgeAluGates/M0/sll/act1/WD,veriT/selected,failed,10000
BridgeAluGates/M0/sll/act1/WD,CVC4/selected,proved,67
BridgeAluGates/M0/sll/act1/WD,Z3/selected,proved,32
BridgeAluGates/M0/sll/act1/WD,CVC3/selected,failed,17
BridgeAluGates/M0/sll/act1/WD,veriT/all,failed,10000
BridgeAluGates/M0/sll/act1/WD,CVC4/all,proved,63
BridgeAluGates/M0/sll/act1/WD,Z3/all,proved,39
BridgeAluGates/M0/sll/act1/WD,CVC3/all,failed,18
BridgeAluGates/M0/sll/act1/WD,veriT/selected,proved,0
BridgeAluGates/M0/sll/act1/WD,CVC4/selected,proved,0
BridgeAluGates/M0/sll/act1/WD,Z3/selected,proved,0
BridgeAluGates/M0/sll/act1/WD,CVC3/selected,proved,0
BridgeAluGates/M0/sll/act1/WD,veriT/all,proved,0
BridgeAluGates/M0/sll/act1/WD,CVC4/all,proved,0
BridgeAluGates/M0/sll/act1/WD,Z3/all,proved,0
BridgeAluGates/M0/sll/act1/WD,CVC3/all,proved,0
BridgeAluGates/M0/sll/act1/WD,veriT/selected,failed,10000
BridgeAluGates/M0/sll/act1/WD,CVC4/selected,proved,65
BridgeAluGates/M0/sll/act1/WD,Z3/selected,proved,27
BridgeAluGates/M0/sll/act1/WD,CVC3/selected,failed,16
BridgeAluGates/M0/sll/act1/WD,veriT/all,failed,10000
BridgeAluGates/M0/sll/act1/WD,CVC4/all,proved,66
BridgeAluGates/M0/sll/act1/WD,Z3/all,proved,37
BridgeAluGates/M0/sll/act1/WD,CVC3/all,failed,17
BridgeAluGates/M0/sll/act1/WD,veriT/selected,proved,0
BridgeAluGates/M0/sll/act1/WD,CVC4/selected,proved,0
BridgeAluGates/M0/sll/act1/WD,Z3/selected,proved,0
BridgeAluGates/M0/sll/act1/WD,CVC3/selected,proved,0
BridgeAluGates/M0/sll/act1/WD,veriT/all,proved,0
BridgeAluGates/M0/sll/act1/WD,CVC4/all,proved,0
BridgeAluGates/M0/sll/act1/WD,Z3/all,proved,0
BridgeAluGates/M0/sll/act1/WD,CVC3/all,proved,0
BridgeAluGates/M0/sll/act1/WD,veriT/selected,proved,499
BridgeAluGates/M0/sll/act1/WD,CVC4/selected,proved,65
BridgeAluGates/M0/sll/act1/WD,Z3/selected,proved,30
BridgeAluGates/M0/sll/act1/WD,CVC3/selected,failed,23
BridgeAluGates/M0/sll/act1/WD,veriT/all,proved,505
BridgeAluGates/M0/sll/act1/WD,CVC4/all,proved,65
BridgeAluGates/M0/sll/act1/WD,Z3/all,proved,28
BridgeAluGates/M0/sll/act1/WD,CVC3/all,failed,18
BridgeAluGates/M0/sll/act1/WD,veriT/selected,proved,0
BridgeAluGates/M0/sll/act1/WD,CVC4/selected,proved,0
BridgeAluGates/M0/sll/act1/WD,Z3/selected,proved,0
BridgeAluGates/M0/sll/act1/WD,CVC3/selected,proved,0
BridgeAluGates/M0/sll/act1/WD,veriT/all,proved,0
BridgeAluGates/M0/sll/act1/WD,CVC4/all,proved,0
BridgeAluGates/M0/sll/act1/WD,Z3/all,proved,0
BridgeAluGates/M0/sll/act1/WD,CVC3/all,proved,0
BridgeAluGates/M0/sll/act1/WD,veriT/selected,failed,10000
BridgeAluGates/M0/sll/act1/WD,CVC4/selected,proved,70
BridgeAluGates/M0/sll/act1/WD,Z3/selected,proved,40
BridgeAluGates/M0/sll/act1/WD,CVC3/selected,failed,19
BridgeAluGates/M0/sll/act1/WD,veriT/all,failed,10000
BridgeAluGates/M0/sll/act1/WD,CVC4/all,proved,71
BridgeAluGates/M0/sll/act1/WD,Z3/all,proved,29
BridgeAluGates/M0/sll/act1/WD,CVC3/all,failed,19
BridgeAluGates/M0/sll/act1/WD,veriT/selected,proved,0
BridgeAluGates/M0/sll/act1/WD,CVC4/selected,proved,0
BridgeAluGates/M0/sll/act1/WD,Z3/selected,proved,0
BridgeAluGates/M0/sll/act1/WD,CVC3/selected,proved,0
BridgeAluGates/M0/sll/act1/WD,veriT/all,proved,0
BridgeAluGates/M0/sll/act1/WD,CVC4/all,proved,0
BridgeAluGates/M0/sll/act1/WD,Z3/all,proved,0
BridgeAluGates/M0/sll/act1/WD,CVC3/all,proved,0
BridgeAluGates/M0/sll/act1/WD,veriT/selected,failed,10000
BridgeAluGates/M0/sll/act1/WD,CVC4/selected,proved,101
BridgeAluGates/M0/sll/act1/WD,Z3/selected,proved,35
BridgeAluGates/M0/sll/act1/WD,CVC3/selected,failed,19
BridgeAluGates/M0/sll/act1/WD,veriT/all,failed,10000
BridgeAluGates/M0/sll/act1/WD,CVC4/all,proved,77
BridgeAluGates/M0/sll/act1/WD,Z3/all,proved,43
BridgeAluGates/M0/sll/act1/WD,CVC3/all,failed,22
BridgeAluGates/M0/sll/act1/WD,veriT/selected,proved,0
BridgeAluGates/M0/sll/act1/WD,CVC4/selected,proved,0
BridgeAluGates/M0/sll/act1/WD,Z3/selected,proved,0
BridgeAluGates/M0/sll/act1/WD,CVC3/selected,proved,0
BridgeAluGates/M0/sll/act1/WD,veriT/all,proved,0
BridgeAluGates/M0/sll/act1/WD,CVC4/all,proved,0
BridgeAluGates/M0/sll/act1/WD,Z3/all,proved,0
BridgeAluGates/M0/sll/act1/WD,CVC3/all,proved,0
BridgeAluGates/M0/sll/act1/WD,veriT/selected,failed,10000
BridgeAluGates/M0/sll/act1/WD,CVC4/selected,proved,75
BridgeAluGates/M0/sll/act1/WD,Z3/selected,proved,44
BridgeAluGates/M0/sll/act1/WD,CVC3/selected,failed,19
BridgeAluGates/M0/sll/act1/WD,veriT/all,failed,10000
BridgeAluGates/M0/sll/act1/WD,CVC4/all,proved,75
BridgeAluGates/M0/sll/act1/WD,Z3/all,proved,34
BridgeAluGates/M0/sll/act1/WD,CVC3/all,failed,20
BridgeAluGates/M0/sll/act1/WD,veriT/selected,proved,0
BridgeAluGates/M0/sll/act1/WD,CVC4/selected,proved,0
BridgeAluGates/M0/sll/act1/WD,Z3/selected,proved,0
BridgeAluGates/M0/sll/act1/WD,CVC3/selected,proved,0
BridgeAluGates/M0/sll/act1/WD,veriT/all,proved,0
BridgeAluGates/M0/sll/act1/WD,CVC4/all,proved,0
BridgeAluGates/M0/sll/act1/WD,Z3/all,proved,0
BridgeAluGates/M0/sll/act1/WD,CVC3/all,proved,0
BridgeAluGates/M0/sll/act1/WD,veriT/selected,failed,10000
BridgeAluGates/M0/sll/act1/WD,CVC4/selected,proved,81
BridgeAluGates/M0/sll/act1/WD,Z3/selected,proved,35
BridgeAluGates/M0/sll/act1/WD,CVC3/selected,failed,22
BridgeAluGates/M0/sll/act1/WD,veriT/all,failed,10000
BridgeAluGates/M0/sll/act1/WD,CVC4/all,proved,83
BridgeAluGates/M0/sll/act1/WD,Z3/all,proved,47
BridgeAluGates/M0/sll/act1/WD,CVC3/all,failed,20
BridgeAluGates/M0/slt/word/INV,veriT/selected,proved,16
BridgeAluGates/M0/slt/word/INV,CVC4/selected,proved,25
BridgeAluGates/M0/slt/word/INV,Z3/selected,proved,15
BridgeAluGates/M0/slt/word/INV,CVC3/selected,proved,493
BridgeAluGates/M0/slt/word/INV,veriT/all,proved,15
BridgeAluGates/M0/slt/word/INV,CVC4/all,proved,28
BridgeAluGates/M0/slt/word/INV,Z3/all,proved,16
BridgeAluGates/M0/slt/word/INV,CVC3/all,failed,22
BridgeAluGates/M0/slt/act1/WD,veriT/selected,proved,0
BridgeAluGates/M0/slt/act1/WD,CVC4/selected,proved,0
BridgeAluGates/M0/slt/act1/WD,Z3/selected,proved,0
BridgeAluGates/M0/slt/act1/WD,CVC3/selected,proved,0
BridgeAluGates/M0/slt/act1/WD,veriT/all,proved,0
BridgeAluGates/M0/slt/act1/WD,CVC4/all,proved,0
BridgeAluGates/M0/slt/act1/WD,Z3/all,proved,0
BridgeAluGates/M0/slt/act1/WD,CVC3/all,proved,0
BridgeAluGates/M0/slt/act1/WD,veriT/selected,proved,8
BridgeAluGates/M0/slt/act1/WD,CVC4/selected,proved,17
BridgeAluGates/M0/slt/act1/WD,Z3/selected,proved,13
BridgeAluGates/M0/slt/act1/WD,CVC3/selected,failed,9
BridgeAluGates/M0/slt/act1/WD,veriT/all,proved,9
BridgeAluGates/M0/slt/act1/WD,CVC4/all,proved,19
BridgeAluGates/M0/slt/act1/WD,Z3/all,proved,15
BridgeAluGates/M0/slt/act1/WD,CVC3/all,failed,12
BridgeAluGates/M0/sltu/word/INV,veriT/selected,proved,16
BridgeAluGates/M0/sltu/word/INV,CVC4/selected,proved,26
BridgeAluGates/M0/sltu/word/INV,Z3/selected,proved,14
BridgeAluGates/M0/sltu/word/INV,CVC3/selected,proved,379
BridgeAluGates/M0/sltu/word/INV,veriT/all,proved,14
BridgeAluGates/M0/sltu/word/INV,CVC4/all,proved,26
BridgeAluGates/M0/sltu/word/INV,Z3/all,proved,15
BridgeAluGates/M0/sltu/word/INV,CVC3/all,failed,9
BridgeAluGates/M0/sltu/act1/WD,veriT/selected,proved,0
BridgeAluGates/M0/sltu/act1/WD,CVC4/selected,proved,0
BridgeAluGates/M0/sltu/act1/WD,Z3/selected,proved,0
BridgeAluGates/M0/sltu/act1/WD,CVC3/selected,proved,0
BridgeAluGates/M0/sltu/act1/WD,veriT/all,proved,1
BridgeAluGates/M0/sltu/act1/WD,CVC4/all,proved,0
BridgeAluGates/M0/sltu/act1/WD,Z3/all,proved,0
BridgeAluGates/M0/sltu/act1/WD,CVC3/all,proved,0
BridgeAluGates/M0/sltu/act1/WD,veriT/selected,proved,7
BridgeAluGates/M0/sltu/act1/WD,CVC4/selected,proved,17
BridgeAluGates/M0/sltu/act1/WD,Z3/selected,proved,11
BridgeAluGates/M0/sltu/act1/WD,CVC3/selected,failed,9
BridgeAluGates/M0/sltu/act1/WD,veriT/all,proved,8
BridgeAluGates/M0/sltu/act1/WD,CVC4/all,proved,17
BridgeAluGates/M0/sltu/act1/WD,Z3/all,proved,18
BridgeAluGates/M0/sltu/act1/WD,CVC3/all,failed,9
BridgeAluGates/M0/xor/word/INV,veriT/selected,proved,19
BridgeAluGates/M0/xor/word/INV,CVC4/selected,proved,68
BridgeAluGates/M0/xor/word/INV,Z3/selected,proved,25
BridgeAluGates/M0/xor/word/INV,CVC3/selected,failed,10002
BridgeAluGates/M0/xor/word/INV,veriT/all,proved,24
BridgeAluGates/M0/xor/word/INV,CVC4/all,proved,73
BridgeAluGates/M0/xor/word/INV,Z3/all,proved,27
BridgeAluGates/M0/xor/word/INV,CVC3/all,failed,10000
BridgeAluGates/M0/srl/word/INV,veriT/selected,proved,543
BridgeAluGates/M0/srl/word/INV,CVC4/selected,proved,118
BridgeAluGates/M0/srl/word/INV,Z3/selected,proved,97
BridgeAluGates/M0/srl/word/INV,CVC3/selected,proved,3200
BridgeAluGates/M0/srl/word/INV,veriT/all,proved,440
BridgeAluGates/M0/srl/word/INV,CVC4/all,proved,588
BridgeAluGates/M0/srl/word/INV,Z3/all,proved,132
BridgeAluGates/M0/srl/word/INV,CVC3/all,failed,71
BridgeAluGates/M0/srl/act1/WD,veriT/selected,proved,0
BridgeAluGates/M0/srl/act1/WD,CVC4/selected,proved,0
BridgeAluGates/M0/srl/act1/WD,Z3/selected,proved,0
BridgeAluGates/M0/srl/act1/WD,CVC3/selected,proved,0
BridgeAluGates/M0/srl/act1/WD,veriT/all,proved,0
BridgeAluGates/M0/srl/act1/WD,CVC4/all,proved,0
BridgeAluGates/M0/srl/act1/WD,Z3/all,proved,0
BridgeAluGates/M0/srl/act1/WD,CVC3/all,proved,0
BridgeAluGates/M0/srl/act1/WD,veriT/selected,proved,8
BridgeAluGates/M0/srl/act1/WD,CVC4/selected,proved,17
BridgeAluGates/M0/srl/act1/WD,Z3/selected,proved,11
BridgeAluGates/M0/srl/act1/WD,CVC3/selected,failed,8
BridgeAluGates/M0/srl/act1/WD,veriT/all,proved,7
BridgeAluGates/M0/srl/act1/WD,CVC4/all,proved,17
BridgeAluGates/M0/srl/act1/WD,Z3/all,proved,11
BridgeAluGates/M0/srl/act1/WD,CVC3/all,failed,9
BridgeAluGates/M0/srl/act1/WD,veriT/selected,proved,0
BridgeAluGates/M0/srl/act1/WD,CVC4/selected,proved,0
BridgeAluGates/M0/srl/act1/WD,Z3/selected,proved,0
BridgeAluGates/M0/srl/act1/WD,CVC3/selected,proved,0
BridgeAluGates/M0/srl/act1/WD,veriT/all,proved,0
BridgeAluGates/M0/srl/act1/WD,CVC4/all,proved,0
BridgeAluGates/M0/srl/act1/WD,Z3/all,proved,0
BridgeAluGates/M0/srl/act1/WD,CVC3/all,proved,0
BridgeAluGates/M0/srl/act1/WD,veriT/selected,proved,9
BridgeAluGates/M0/srl/act1/WD,CVC4/selected,proved,21
BridgeAluGates/M0/srl/act1/WD,Z3/selected,proved,11
BridgeAluGates/M0/srl/act1/WD,CVC3/selected,failed,8
BridgeAluGates/M0/srl/act1/WD,veriT/all,proved,9
BridgeAluGates/M0/srl/act1/WD,CVC4/all,proved,23
BridgeAluGates/M0/srl/act1/WD,Z3/all,proved,13
BridgeAluGates/M0/srl/act1/WD,CVC3/all,failed,9
BridgeAluGates/M0/srl/act1/WD,veriT/selected,proved,0
BridgeAluGates/M0/srl/act1/WD,CVC4/selected,proved,0
BridgeAluGates/M0/srl/act1/WD,Z3/selected,proved,0
BridgeAluGates/M0/srl/act1/WD,CVC3/selected,proved,0
BridgeAluGates/M0/srl/act1/WD,veriT/all,proved,0
BridgeAluGates/M0/srl/act1/WD,CVC4/all,proved,0
BridgeAluGates/M0/srl/act1/WD,Z3/all,proved,0
BridgeAluGates/M0/srl/act1/WD,CVC3/all,proved,0
BridgeAluGates/M0/srl/act1/WD,veriT/selected,proved,11
BridgeAluGates/M0/srl/act1/WD,CVC4/selected,proved,21
BridgeAluGates/M0/srl/act1/WD,Z3/selected,proved,12
BridgeAluGates/M0/srl/act1/WD,CVC3/selected,failed,9
BridgeAluGates/M0/srl/act1/WD,veriT/all,proved,15
BridgeAluGates/M0/srl/act1/WD,CVC4/all,proved,24
BridgeAluGates/M0/srl/act1/WD,Z3/all,proved,13
BridgeAluGates/M0/srl/act1/WD,CVC3/all,failed,9
BridgeAluGates/M0/srl/act1/WD,veriT/selected,proved,0
BridgeAluGates/M0/srl/act1/WD,CVC4/selected,proved,0
BridgeAluGates/M0/srl/act1/WD,Z3/selected,proved,0
BridgeAluGates/M0/srl/act1/WD,CVC3/selected,proved,0
BridgeAluGates/M0/srl/act1/WD,veriT/all,proved,0
BridgeAluGates/M0/srl/act1/WD,CVC4/all,proved,0
BridgeAluGates/M0/srl/act1/WD,Z3/all,proved,0
BridgeAluGates/M0/srl/act1/WD,CVC3/all,proved,0
BridgeAluGates/M0/srl/act1/WD,veriT/selected,proved,14
BridgeAluGates/M0/srl/act1/WD,CVC4/selected,proved,21
BridgeAluGates/M0/srl/act1/WD,Z3/selected,proved,12
BridgeAluGates/M0/srl/act1/WD,CVC3/selected,failed,10
BridgeAluGates/M0/srl/act1/WD,veriT/all,proved,15
BridgeAluGates/M0/srl/act1/WD,CVC4/all,proved,22
BridgeAluGates/M0/srl/act1/WD,Z3/all,proved,12
BridgeAluGates/M0/srl/act1/WD,CVC3/all,failed,9
BridgeAluGates/M0/srl/act1/WD,veriT/selected,proved,0
BridgeAluGates/M0/srl/act1/WD,CVC4/selected,proved,0
BridgeAluGates/M0/srl/act1/WD,Z3/selected,proved,0
BridgeAluGates/M0/srl/act1/WD,CVC3/selected,proved,0
BridgeAluGates/M0/srl/act1/WD,veriT/all,proved,0
BridgeAluGates/M0/srl/act1/WD,CVC4/all,proved,0
BridgeAluGates/M0/srl/act1/WD,Z3/all,proved,0
BridgeAluGates/M0/srl/act1/WD,CVC3/all,proved,0
BridgeAluGates/M0/srl/act1/WD,veriT/selected,proved,17
BridgeAluGates/M0/srl/act1/WD,CVC4/selected,proved,23
BridgeAluGates/M0/srl/act1/WD,Z3/selected,proved,13
BridgeAluGates/M0/srl/act1/WD,CVC3/selected,failed,12
BridgeAluGates/M0/srl/act1/WD,veriT/all,proved,21
BridgeAluGates/M0/srl/act1/WD,CVC4/all,proved,25
BridgeAluGates/M0/srl/act1/WD,Z3/all,proved,13
BridgeAluGates/M0/srl/act1/WD,CVC3/all,failed,9
BridgeAluGates/M0/srl/act1/WD,veriT/selected,proved,0
BridgeAluGates/M0/srl/act1/WD,CVC4/selected,proved,0
BridgeAluGates/M0/srl/act1/WD,Z3/selected,proved,0
BridgeAluGates/M0/srl/act1/WD,CVC3/selected,proved,0
BridgeAluGates/M0/srl/act1/WD,veriT/all,proved,0
BridgeAluGates/M0/srl/act1/WD,CVC4/all,proved,0
BridgeAluGates/M0/srl/act1/WD,Z3/all,proved,0
BridgeAluGates/M0/srl/act1/WD,CVC3/all,proved,0
BridgeAluGates/M0/srl/act1/WD,veriT/selected,proved,20
BridgeAluGates/M0/srl/act1/WD,CVC4/selected,proved,26
BridgeAluGates/M0/srl/act1/WD,Z3/selected,proved,13
BridgeAluGates/M0/srl/act1/WD,CVC3/selected,failed,9
BridgeAluGates/M0/srl/act1/WD,veriT/all,proved,23
BridgeAluGates/M0/srl/act1/WD,CVC4/all,proved,25
BridgeAluGates/M0/srl/act1/WD,Z3/all,proved,13
BridgeAluGates/M0/srl/act1/WD,CVC3/all,failed,12
BridgeAluGates/M0/srl/act1/WD,veriT/selected,proved,0
BridgeAluGates/M0/srl/act1/WD,CVC4/selected,proved,0
BridgeAluGates/M0/srl/act1/WD,Z3/selected,proved,0
BridgeAluGates/M0/srl/act1/WD,CVC3/selected,proved,0
BridgeAluGates/M0/srl/act1/WD,veriT/all,proved,0
BridgeAluGates/M0/srl/act1/WD,CVC4/all,proved,0
BridgeAluGates/M0/srl/act1/WD,Z3/all,proved,0
BridgeAluGates/M0/srl/act1/WD,CVC3/all,proved,0
BridgeAluGates/M0/srl/act1/WD,veriT/selected,proved,23
BridgeAluGates/M0/srl/act1/WD,CVC4/selected,proved,30
BridgeAluGates/M0/srl/act1/WD,Z3/selected,proved,17
BridgeAluGates/M0/srl/act1/WD,CVC3/selected,failed,11
BridgeAluGates/M0/srl/act1/WD,veriT/all,proved,26
BridgeAluGates/M0/srl/act1/WD,CVC4/all,proved,28
BridgeAluGates/M0/srl/act1/WD,Z3/all,proved,16
BridgeAluGates/M0/srl/act1/WD,CVC3/all,failed,11
BridgeAluGates/M0/srl/act1/WD,veriT/selected,proved,0
BridgeAluGates/M0/srl/act1/WD,CVC4/selected,proved,0
BridgeAluGates/M0/srl/act1/WD,Z3/selected,proved,0
BridgeAluGates/M0/srl/act1/WD,CVC3/selected,proved,0
BridgeAluGates/M0/srl/act1/WD,veriT/all,proved,0
BridgeAluGates/M0/srl/act1/WD,CVC4/all,proved,0
BridgeAluGates/M0/srl/act1/WD,Z3/all,proved,0
BridgeAluGates/M0/srl/act1/WD,CVC3/all,proved,0
BridgeAluGates/M0/srl/act1/WD,veriT/selected,proved,28
BridgeAluGates/M0/srl/act1/WD,CVC4/selected,proved,29
BridgeAluGates/M0/srl/act1/WD,Z3/selected,proved,14
BridgeAluGates/M0/srl/act1/WD,CVC3/selected,failed,10
BridgeAluGates/M0/srl/act1/WD,veriT/all,proved,31
BridgeAluGates/M0/srl/act1/WD,CVC4/all,proved,30
BridgeAluGates/M0/srl/act1/WD,Z3/all,proved,19
BridgeAluGates/M0/srl/act1/WD,CVC3/all,failed,13
BridgeAluGates/M0/srl/act1/WD,veriT/selected,proved,0
BridgeAluGates/M0/srl/act1/WD,CVC4/selected,proved,0
BridgeAluGates/M0/srl/act1/WD,Z3/selected,proved,0
BridgeAluGates/M0/srl/act1/WD,CVC3/selected,proved,0
BridgeAluGates/M0/srl/act1/WD,veriT/all,proved,0
BridgeAluGates/M0/srl/act1/WD,CVC4/all,proved,0
BridgeAluGates/M0/srl/act1/WD,Z3/all,proved,0
BridgeAluGates/M0/srl/act1/WD,CVC3/all,proved,0
BridgeAluGates/M0/srl/act1/WD,veriT/selected,proved,34
BridgeAluGates/M0/srl/act1/WD,CVC4/selected,proved,35
BridgeAluGates/M0/srl/act1/WD,Z3/selected,proved,15
BridgeAluGates/M0/srl/act1/WD,CVC3/selected,failed,13
BridgeAluGates/M0/srl/act1/WD,veriT/all,proved,37
BridgeAluGates/M0/srl/act1/WD,CVC4/all,proved,31
BridgeAluGates/M0/srl/act1/WD,Z3/all,proved,14
BridgeAluGates/M0/srl/act1/WD,CVC3/all,failed,10
BridgeAluGates/M0/srl/act1/WD,veriT/selected,proved,0
BridgeAluGates/M0/srl/act1/WD,CVC4/selected,proved,0
BridgeAluGates/M0/srl/act1/WD,Z3/selected,proved,0
BridgeAluGates/M0/srl/act1/WD,CVC3/selected,proved,0
BridgeAluGates/M0/srl/act1/WD,veriT/all,proved,1
BridgeAluGates/M0/srl/act1/WD,CVC4/all,proved,0
BridgeAluGates/M0/srl/act1/WD,Z3/all,proved,0
BridgeAluGates/M0/srl/act1/WD,CVC3/all,proved,0
BridgeAluGates/M0/srl/act1/WD,veriT/selected,proved,65
BridgeAluGates/M0/srl/act1/WD,CVC4/selected,proved,34
BridgeAluGates/M0/srl/act1/WD,Z3/selected,proved,16
BridgeAluGates/M0/srl/act1/WD,CVC3/selected,failed,14
BridgeAluGates/M0/srl/act1/WD,veriT/all,proved,55
BridgeAluGates/M0/srl/act1/WD,CVC4/all,proved,34
BridgeAluGates/M0/srl/act1/WD,Z3/all,proved,15
BridgeAluGates/M0/srl/act1/WD,CVC3/all,failed,11
BridgeAluGates/M0/srl/act1/WD,veriT/selected,proved,0
BridgeAluGates/M0/srl/act1/WD,CVC4/selected,proved,0
BridgeAluGates/M0/srl/act1/WD,Z3/selected,proved,0
BridgeAluGates/M0/srl/act1/WD,CVC3/selected,proved,0
BridgeAluGates/M0/srl/act1/WD,veriT/all,proved,0
BridgeAluGates/M0/srl/act1/WD,CVC4/all,proved,0
BridgeAluGates/M0/srl/act1/WD,Z3/all,proved,0
BridgeAluGates/M0/srl/act1/WD,CVC3/all,proved,0
BridgeAluGates/M0/srl/act1/WD,veriT/selected,proved,48
BridgeAluGates/M0/srl/act1/WD,CVC4/selected,proved,53
BridgeAluGates/M0/srl/act1/WD,Z3/selected,proved,17
BridgeAluGates/M0/srl/act1/WD,CVC3/selected,failed,11
BridgeAluGates/M0/srl/act1/WD,veriT/all,proved,56
BridgeAluGates/M0/srl/act1/WD,CVC4/all,proved,38
BridgeAluGates/M0/srl/act1/WD,Z3/all,proved,15
BridgeAluGates/M0/srl/act1/WD,CVC3/all,failed,11
BridgeAluGates/M0/srl/act1/WD,veriT/selected,proved,0
BridgeAluGates/M0/srl/act1/WD,CVC4/selected,proved,0
BridgeAluGates/M0/srl/act1/WD,Z3/selected,proved,0
BridgeAluGates/M0/srl/act1/WD,CVC3/selected,proved,0
BridgeAluGates/M0/srl/act1/WD,veriT/all,proved,0
BridgeAluGates/M0/srl/act1/WD,CVC4/all,proved,0
BridgeAluGates/M0/srl/act1/WD,Z3/all,proved,0
BridgeAluGates/M0/srl/act1/WD,CVC3/all,proved,0
BridgeAluGates/M0/srl/act1/WD,veriT/selected,proved,53
BridgeAluGates/M0/srl/act1/WD,CVC4/selected,proved,43
BridgeAluGates/M0/srl/act1/WD,Z3/selected,proved,22
BridgeAluGates/M0/srl/act1/WD,CVC3/selected,failed,12
BridgeAluGates/M0/srl/act1/WD,veriT/all,proved,58
BridgeAluGates/M0/srl/act1/WD,CVC4/all,proved,52
BridgeAluGates/M0/srl/act1/WD,Z3/all,proved,17
BridgeAluGates/M0/srl/act1/WD,CVC3/all,failed,12
BridgeAluGates/M0/srl/act1/WD,veriT/selected,proved,0
BridgeAluGates/M0/srl/act1/WD,CVC4/selected,proved,0
BridgeAluGates/M0/srl/act1/WD,Z3/selected,proved,0
BridgeAluGates/M0/srl/act1/WD,CVC3/selected,proved,0
BridgeAluGates/M0/srl/act1/WD,veriT/all,proved,0
BridgeAluGates/M0/srl/act1/WD,CVC4/all,proved,0
BridgeAluGates/M0/srl/act1/WD,Z3/all,proved,0
BridgeAluGates/M0/srl/act1/WD,CVC3/all,proved,0
BridgeAluGates/M0/srl/act1/WD,veriT/selected,proved,56
BridgeAluGates/M0/srl/act1/WD,CVC4/selected,proved,42
BridgeAluGates/M0/srl/act1/WD,Z3/selected,proved,17
BridgeAluGates/M0/srl/act1/WD,CVC3/selected,failed,12
BridgeAluGates/M0/srl/act1/WD,veriT/all,proved,77
BridgeAluGates/M0/srl/act1/WD,CVC4/all,proved,55
BridgeAluGates/M0/srl/act1/WD,Z3/all,proved,23
BridgeAluGates/M0/srl/act1/WD,CVC3/all,failed,12
BridgeAluGates/M0/srl/act1/WD,veriT/selected,proved,0
BridgeAluGates/M0/srl/act1/WD,CVC4/selected,proved,0
BridgeAluGates/M0/srl/act1/WD,Z3/selected,proved,0
BridgeAluGates/M0/srl/act1/WD,CVC3/selected,proved,0
BridgeAluGates/M0/srl/act1/WD,veriT/all,proved,0
BridgeAluGates/M0/srl/act1/WD,CVC4/all,proved,0
BridgeAluGates/M0/srl/act1/WD,Z3/all,proved,0
BridgeAluGates/M0/srl/act1/WD,CVC3/all,proved,0
BridgeAluGates/M0/srl/act1/WD,veriT/selected,proved,68
BridgeAluGates/M0/srl/act1/WD,CVC4/selected,proved,45
BridgeAluGates/M0/srl/act1/WD,Z3/selected,proved,22
BridgeAluGates/M0/srl/act1/WD,CVC3/selected,failed,14
BridgeAluGates/M0/srl/act1/WD,veriT/all,proved,76
BridgeAluGates/M0/srl/act1/WD,CVC4/all,proved,46
BridgeAluGates/M0/srl/act1/WD,Z3/all,proved,21
BridgeAluGates/M0/srl/act1/WD,CVC3/all,failed,13
BridgeAluGates/M0/srl/act1/WD,veriT/selected,proved,0
BridgeAluGates/M0/srl/act1/WD,CVC4/selected,proved,0
BridgeAluGates/M0/srl/act1/WD,Z3/selected,proved,0
BridgeAluGates/M0/srl/act1/WD,CVC3/selected,proved,0
BridgeAluGates/M0/srl/act1/WD,veriT/all,proved,0
BridgeAluGates/M0/srl/act1/WD,CVC4/all,proved,0
BridgeAluGates/M0/srl/act1/WD,Z3/all,proved,0
BridgeAluGates/M0/srl/act1/WD,CVC3/all,proved,0
BridgeAluGates/M0/srl/act1/WD,veriT/selected,proved,72
BridgeAluGates/M0/srl/act1/WD,CVC4/selected,proved,58
BridgeAluGates/M0/srl/act1/WD,Z3/selected,proved,21
BridgeAluGates/M0/srl/act1/WD,CVC3/selected,failed,13
BridgeAluGates/M0/srl/act1/WD,veriT/all,proved,82
BridgeAluGates/M0/srl/act1/WD,CVC4/all,proved,52
BridgeAluGates/M0/srl/act1/WD,Z3/all,proved,18
BridgeAluGates/M0/srl/act1/WD,CVC3/all,failed,13
BridgeAluGates/M0/srl/act1/WD,veriT/selected,proved,0
BridgeAluGates/M0/srl/act1/WD,CVC4/selected,proved,0
BridgeAluGates/M0/srl/act1/WD,Z3/selected,proved,0
BridgeAluGates/M0/srl/act1/WD,CVC3/selected,proved,0
BridgeAluGates/M0/srl/act1/WD,veriT/all,proved,0
BridgeAluGates/M0/srl/act1/WD,CVC4/all,proved,0
BridgeAluGates/M0/srl/act1/WD,Z3/all,proved,0
BridgeAluGates/M0/srl/act1/WD,CVC3/all,proved,0
BridgeAluGates/M0/srl/act1/WD,veriT/selected,proved,121
BridgeAluGates/M0/srl/act1/WD,CVC4/selected,proved,51
BridgeAluGates/M0/srl/act1/WD,Z3/selected,proved,19
BridgeAluGates/M0/srl/act1/WD,CVC3/selected,failed,13
BridgeAluGates/M0/srl/act1/WD,veriT/all,proved,117
BridgeAluGates/M0/srl/act1/WD,CVC4/all,proved,51
BridgeAluGates/M0/srl/act1/WD,Z3/all,proved,23
BridgeAluGates/M0/srl/act1/WD,CVC3/all,failed,12
BridgeAluGates/M0/srl/act1/WD,veriT/selected,proved,1
BridgeAluGates/M0/srl/act1/WD,CVC4/selected,proved,0
BridgeAluGates/M0/srl/act1/WD,Z3/selected,proved,0
BridgeAluGates/M0/srl/act1/WD,CVC3/selected,proved,0
BridgeAluGates/M0/srl/act1/WD,veriT/all,proved,0
BridgeAluGates/M0/srl/act1/WD,CVC4/all,proved,0
BridgeAluGates/M0/srl/act1/WD,Z3/all,proved,0
BridgeAluGates/M0/srl/act1/WD,CVC3/all,proved,0
BridgeAluGates/M0/srl/act1/WD,veriT/selected,proved,104
BridgeAluGates/M0/srl/act1/WD,CVC4/selected,proved,68
BridgeAluGates/M0/srl/act1/WD,Z3/selected,proved,20
BridgeAluGates/M0/srl/act1/WD,CVC3/selected,failed,17
BridgeAluGates/M0/srl/act1/WD,veriT/all,proved,115
BridgeAluGates/M0/srl/act1/WD,CVC4/all,proved,54
BridgeAluGates/M0/srl/act1/WD,Z3/all,proved,19
BridgeAluGates/M0/srl/act1/WD,CVC3/all,failed,13
BridgeAluGates/M0/srl/act1/WD,veriT/selected,proved,0
BridgeAluGates/M0/srl/act1/WD,CVC4/selected,proved,0
BridgeAluGates/M0/srl/act1/WD,Z3/selected,proved,0
BridgeAluGates/M0/srl/act1/WD,CVC3/selected,proved,0
BridgeAluGates/M0/srl/act1/WD,veriT/all,proved,0
BridgeAluGates/M0/srl/act1/WD,CVC4/all,proved,0
BridgeAluGates/M0/srl/act1/WD,Z3/all,proved,0
BridgeAluGates/M0/srl/act1/WD,CVC3/all,proved,0
BridgeAluGates/M0/srl/act1/WD,veriT/selected,proved,105
BridgeAluGates/M0/srl/act1/WD,CVC4/selected,proved,61
BridgeAluGates/M0/srl/act1/WD,Z3/selected,proved,27
BridgeAluGates/M0/srl/act1/WD,CVC3/selected,failed,16
BridgeAluGates/M0/srl/act1/WD,veriT/all,proved,124
BridgeAluGates/M0/srl/act1/WD,CVC4/all,proved,60
BridgeAluGates/M0/srl/act1/WD,Z3/all,proved,21
BridgeAluGates/M0/srl/act1/WD,CVC3/all,failed,13
BridgeAluGates/M0/srl/act1/WD,veriT/selected,proved,0
BridgeAluGates/M0/srl/act1/WD,CVC4/selected,proved,0
BridgeAluGates/M0/srl/act1/WD,Z3/selected,proved,0
BridgeAluGates/M0/srl/act1/WD,CVC3/selected,proved,0
BridgeAluGates/M0/srl/act1/WD,veriT/all,proved,0
BridgeAluGates/M0/srl/act1/WD,CVC4/all,proved,0
BridgeAluGates/M0/srl/act1/WD,Z3/all,proved,0
BridgeAluGates/M0/srl/act1/WD,CVC3/all,proved,0
BridgeAluGates/M0/srl/act1/WD,veriT/selected,proved,132
BridgeAluGates/M0/srl/act1/WD,CVC4/selected,proved,65
BridgeAluGates/M0/srl/act1/WD,Z3/selected,proved,26
BridgeAluGates/M0/srl/act1/WD,CVC3/selected,failed,19
BridgeAluGates/M0/srl/act1/WD,veriT/all,proved,152
BridgeAluGates/M0/srl/act1/WD,CVC4/all,proved,58
BridgeAluGates/M0/srl/act1/WD,Z3/all,proved,21
BridgeAluGates/M0/srl/act1/WD,CVC3/all,failed,14
BridgeAluGates/M0/srl/act1/WD,veriT/selected,proved,0
BridgeAluGates/M0/srl/act1/WD,CVC4/selected,proved,0
BridgeAluGates/M0/srl/act1/WD,Z3/selected,proved,0
BridgeAluGates/M0/srl/act1/WD,CVC3/selected,proved,0
BridgeAluGates/M0/srl/act1/WD,veriT/all,proved,0
BridgeAluGates/M0/srl/act1/WD,CVC4/all,proved,0
BridgeAluGates/M0/srl/act1/WD,Z3/all,proved,0
BridgeAluGates/M0/srl/act1/WD,CVC3/all,proved,0
BridgeAluGates/M0/srl/act1/WD,veriT/selected,proved,152
BridgeAluGates/M0/srl/act1/WD,CVC4/selected,proved,64
BridgeAluGates/M0/srl/act1/WD,Z3/selected,proved,22
BridgeAluGates/M0/srl/act1/WD,CVC3/selected,failed,15
BridgeAluGates/M0/srl/act1/WD,veriT/all,proved,190
BridgeAluGates/M0/srl/act1/WD,CVC4/all,proved,89
BridgeAluGates/M0/srl/act1/WD,Z3/all,proved,32
BridgeAluGates/M0/srl/act1/WD,CVC3/all,failed,14
BridgeAluGates/M0/srl/act1/WD,veriT/selected,proved,1
BridgeAluGates/M0/srl/act1/WD,CVC4/selected,proved,0
BridgeAluGates/M0/srl/act1/WD,Z3/selected,proved,0
BridgeAluGates/M0/srl/act1/WD,CVC3/selected,proved,0
BridgeAluGates/M0/srl/act1/WD,veriT/all,proved,0
BridgeAluGates/M0/srl/act1/WD,CVC4/all,proved,0
BridgeAluGates/M0/srl/act1/WD,Z3/all,proved,4
BridgeAluGates/M0/srl/act1/WD,CVC3/all,proved,0
BridgeAluGates/M0/srl/act1/WD,veriT/selected,proved,156
BridgeAluGates/M0/srl/act1/WD,CVC4/selected,proved,71
BridgeAluGates/M0/srl/act1/WD,Z3/selected,proved,30
BridgeAluGates/M0/srl/act1/WD,CVC3/selected,failed,16
BridgeAluGates/M0/srl/act1/WD,veriT/all,proved,183
BridgeAluGates/M0/srl/act1/WD,CVC4/all,proved,78
BridgeAluGates/M0/srl/act1/WD,Z3/all,proved,23
BridgeAluGates/M0/srl/act1/WD,CVC3/all,failed,16
BridgeAluGates/M0/srl/act1/WD,veriT/selected,proved,0
BridgeAluGates/M0/srl/act1/WD,CVC4/selected,proved,0
BridgeAluGates/M0/srl/act1/WD,Z3/selected,proved,0
BridgeAluGates/M0/srl/act1/WD,CVC3/selected,proved,0
BridgeAluGates/M0/srl/act1/WD,veriT/all,proved,0
BridgeAluGates/M0/srl/act1/WD,CVC4/all,proved,0
BridgeAluGates/M0/srl/act1/WD,Z3/all,proved,0
BridgeAluGates/M0/srl/act1/WD,CVC3/all,proved,0
BridgeAluGates/M0/srl/act1/WD,veriT/selected,proved,493
BridgeAluGates/M0/srl/act1/WD,CVC4/selected,proved,70
BridgeAluGates/M0/srl/act1/WD,Z3/selected,proved,24
BridgeAluGates/M0/srl/act1/WD,CVC3/selected,failed,15
BridgeAluGates/M0/srl/act1/WD,veriT/all,proved,211
BridgeAluGates/M0/srl/act1/WD,CVC4/all,proved,76
BridgeAluGates/M0/srl/act1/WD,Z3/all,proved,24
BridgeAluGates/M0/srl/act1/WD,CVC3/all,failed,16
BridgeAluGates/M0/srl/act1/WD,veriT/selected,proved,0
BridgeAluGates/M0/srl/act1/WD,CVC4/selected,proved,1
BridgeAluGates/M0/srl/act1/WD,Z3/selected,proved,0
BridgeAluGates/M0/srl/act1/WD,CVC3/selected,proved,0
BridgeAluGates/M0/srl/act1/WD,veriT/all,proved,0
BridgeAluGates/M0/srl/act1/WD,CVC4/all,proved,0
BridgeAluGates/M0/srl/act1/WD,Z3/all,proved,0
BridgeAluGates/M0/srl/act1/WD,CVC3/all,proved,0
BridgeAluGates/M0/srl/act1/WD,veriT/selected,proved,200
BridgeAluGates/M0/srl/act1/WD,CVC4/selected,proved,79
BridgeAluGates/M0/srl/act1/WD,Z3/selected,proved,24
BridgeAluGates/M0/srl/act1/WD,CVC3/selected,failed,22
BridgeAluGates/M0/srl/act1/WD,veriT/all,proved,224
BridgeAluGates/M0/srl/act1/WD,CVC4/all,proved,77
BridgeAluGates/M0/srl/act1/WD,Z3/all,proved,27
BridgeAluGates/M0/srl/act1/WD,CVC3/all,failed,16
BridgeAluGates/M0/srl/act1/WD,veriT/selected,proved,0
BridgeAluGates/M0/srl/act1/WD,CVC4/selected,proved,0
BridgeAluGates/M0/srl/act1/WD,Z3/selected,proved,0
BridgeAluGates/M0/srl/act1/WD,CVC3/selected,proved,0
BridgeAluGates/M0/srl/act1/WD,veriT/all,proved,0
BridgeAluGates/M0/srl/act1/WD,CVC4/all,proved,0
BridgeAluGates/M0/srl/act1/WD,Z3/all,proved,0
BridgeAluGates/M0/srl/act1/WD,CVC3/all,proved,0
BridgeAluGates/M0/srl/act1/WD,veriT/selected,proved,220
BridgeAluGates/M0/srl/act1/WD,CVC4/selected,proved,75
BridgeAluGates/M0/srl/act1/WD,Z3/selected,proved,29
BridgeAluGates/M0/srl/act1/WD,CVC3/selected,failed,16
BridgeAluGates/M0/srl/act1/WD,veriT/all,proved,267
BridgeAluGates/M0/srl/act1/WD,CVC4/all,proved,79
BridgeAluGates/M0/srl/act1/WD,Z3/all,proved,27
BridgeAluGates/M0/srl/act1/WD,CVC3/all,failed,16
BridgeAluGates/M0/srl/act1/WD,veriT/selected,proved,0
BridgeAluGates/M0/srl/act1/WD,CVC4/selected,proved,0
BridgeAluGates/M0/srl/act1/WD,Z3/selected,proved,0
BridgeAluGates/M0/srl/act1/WD,CVC3/selected,proved,0
BridgeAluGates/M0/srl/act1/WD,veriT/all,proved,0
BridgeAluGates/M0/srl/act1/WD,CVC4/all,proved,0
BridgeAluGates/M0/srl/act1/WD,Z3/all,proved,0
BridgeAluGates/M0/srl/act1/WD,CVC3/all,proved,0
BridgeAluGates/M0/srl/act1/WD,veriT/selected,proved,1784
BridgeAluGates/M0/srl/act1/WD,CVC4/selected,proved,85
BridgeAluGates/M0/srl/act1/WD,Z3/selected,proved,29
BridgeAluGates/M0/srl/act1/WD,CVC3/selected,failed,16
BridgeAluGates/M0/srl/act1/WD,veriT/all,proved,261
BridgeAluGates/M0/srl/act1/WD,CVC4/all,proved,84
BridgeAluGates/M0/srl/act1/WD,Z3/all,proved,31
BridgeAluGates/M0/srl/act1/WD,CVC3/all,failed,16
BridgeAluGates/M0/srl/act1/WD,veriT/selected,proved,0
BridgeAluGates/M0/srl/act1/WD,CVC4/selected,proved,0
BridgeAluGates/M0/srl/act1/WD,Z3/selected,proved,0
BridgeAluGates/M0/srl/act1/WD,CVC3/selected,proved,0
BridgeAluGates/M0/srl/act1/WD,veriT/all,proved,0
BridgeAluGates/M0/srl/act1/WD,CVC4/all,proved,0
BridgeAluGates/M0/srl/act1/WD,Z3/all,proved,0
BridgeAluGates/M0/srl/act1/WD,CVC3/all,proved,0
BridgeAluGates/M0/srl/act1/WD,veriT/selected,proved,366
BridgeAluGates/M0/srl/act1/WD,CVC4/selected,proved,93
BridgeAluGates/M0/srl/act1/WD,Z3/selected,proved,29
BridgeAluGates/M0/srl/act1/WD,CVC3/selected,failed,17
BridgeAluGates/M0/srl/act1/WD,veriT/all,proved,325
BridgeAluGates/M0/srl/act1/WD,CVC4/all,proved,87
BridgeAluGates/M0/srl/act1/WD,Z3/all,proved,37
BridgeAluGates/M0/srl/act1/WD,CVC3/all,failed,18
BridgeAluGates/M0/srl/act1/WD,veriT/selected,proved,0
BridgeAluGates/M0/srl/act1/WD,CVC4/selected,proved,0
BridgeAluGates/M0/srl/act1/WD,Z3/selected,proved,0
BridgeAluGates/M0/srl/act1/WD,CVC3/selected,proved,0
BridgeAluGates/M0/srl/act1/WD,veriT/all,proved,0
BridgeAluGates/M0/srl/act1/WD,CVC4/all,proved,0
BridgeAluGates/M0/srl/act1/WD,Z3/all,proved,0
BridgeAluGates/M0/srl/act1/WD,CVC3/all,proved,0
BridgeAluGates/M0/srl/act1/WD,veriT/selected,proved,307
BridgeAluGates/M0/srl/act1/WD,CVC4/selected,proved,88
BridgeAluGates/M0/srl/act1/WD,Z3/selected,proved,27
BridgeAluGates/M0/srl/act1/WD,CVC3/selected,failed,17
BridgeAluGates/M0/srl/act1/WD,veriT/all,proved,342
BridgeAluGates/M0/srl/act1/WD,CVC4/all,proved,90
BridgeAluGates/M0/srl/act1/WD,Z3/all,proved,27
BridgeAluGates/M0/srl/act1/WD,CVC3/all,failed,19
BridgeAluGates/M0/srl/act1/WD,veriT/selected,proved,0
BridgeAluGates/M0/srl/act1/WD,CVC4/selected,proved,0
BridgeAluGates/M0/srl/act1/WD,Z3/selected,proved,0
BridgeAluGates/M0/srl/act1/WD,CVC3/selected,proved,0
BridgeAluGates/M0/srl/act1/WD,veriT/all,proved,0
BridgeAluGates/M0/srl/act1/WD,CVC4/all,proved,0
BridgeAluGates/M0/srl/act1/WD,Z3/all,proved,0
BridgeAluGates/M0/srl/act1/WD,CVC3/all,proved,0
BridgeAluGates/M0/srl/act1/WD,veriT/selected,proved,311
BridgeAluGates/M0/srl/act1/WD,CVC4/selected,proved,97
BridgeAluGates/M0/srl/act1/WD,Z3/selected,proved,30
BridgeAluGates/M0/srl/act1/WD,CVC3/selected,failed,18
BridgeAluGates/M0/srl/act1/WD,veriT/all,proved,271
BridgeAluGates/M0/srl/act1/WD,CVC4/all,proved,99
BridgeAluGates/M0/srl/act1/WD,Z3/all,proved,34
BridgeAluGates/M0/srl/act1/WD,CVC3/all,failed,18
BridgeAluGates/M0/srl/act1/WD,veriT/selected,proved,0
BridgeAluGates/M0/srl/act1/WD,CVC4/selected,proved,0
BridgeAluGates/M0/srl/act1/WD,Z3/selected,proved,0
BridgeAluGates/M0/srl/act1/WD,CVC3/selected,proved,0
BridgeAluGates/M0/srl/act1/WD,veriT/all,proved,0
BridgeAluGates/M0/srl/act1/WD,CVC4/all,proved,1
BridgeAluGates/M0/srl/act1/WD,Z3/all,proved,1
BridgeAluGates/M0/srl/act1/WD,CVC3/all,proved,0
BridgeAluGates/M0/srl/act1/WD,veriT/selected,proved,297
BridgeAluGates/M0/srl/act1/WD,CVC4/selected,proved,94
BridgeAluGates/M0/srl/act1/WD,Z3/selected,proved,38
BridgeAluGates/M0/srl/act1/WD,CVC3/selected,failed,18
BridgeAluGates/M0/srl/act1/WD,veriT/all,proved,279
BridgeAluGates/M0/srl/act1/WD,CVC4/all,proved,125
BridgeAluGates/M0/srl/act1/WD,Z3/all,proved,42
BridgeAluGates/M0/srl/act1/WD,CVC3/all,failed,21
BridgeAluGates/M0/srl/act1/WD,veriT/selected,proved,0
BridgeAluGates/M0/srl/act1/WD,CVC4/selected,proved,0
BridgeAluGates/M0/srl/act1/WD,Z3/selected,proved,0
BridgeAluGates/M0/srl/act1/WD,CVC3/selected,proved,0
BridgeAluGates/M0/srl/act1/WD,veriT/all,proved,0
BridgeAluGates/M0/srl/act1/WD,CVC4/all,proved,0
BridgeAluGates/M0/srl/act1/WD,Z3/all,proved,0
BridgeAluGates/M0/srl/act1/WD,CVC3/all,proved,0
BridgeAluGates/M0/srl/act1/WD,veriT/selected,proved,356
BridgeAluGates/M0/srl/act1/WD,CVC4/selected,proved,106
BridgeAluGates/M0/srl/act1/WD,Z3/selected,proved,47
BridgeAluGates/M0/srl/act1/WD,CVC3/selected,failed,19
BridgeAluGates/M0/srl/act1/WD,veriT/all,proved,369
BridgeAluGates/M0/srl/act1/WD,CVC4/all,proved,105
BridgeAluGates/M0/srl/act1/WD,Z3/all,proved,31
BridgeAluGates/M0/srl/act1/WD,CVC3/all,failed,19
BridgeAluGates/M0/srl/act1/WD,veriT/selected,proved,0
BridgeAluGates/M0/srl/act1/WD,CVC4/selected,proved,0
BridgeAluGates/M0/srl/act1/WD,Z3/selected,proved,0
BridgeAluGates/M0/srl/act1/WD,CVC3/selected,proved,0
BridgeAluGates/M0/srl/act1/WD,veriT/all,proved,0
BridgeAluGates/M0/srl/act1/WD,CVC4/all,proved,0
BridgeAluGates/M0/srl/act1/WD,Z3/all,proved,0
BridgeAluGates/M0/srl/act1/WD,CVC3/all,proved,0
BridgeAluGates/M0/srl/act1/WD,veriT/selected,proved,473
BridgeAluGates/M0/srl/act1/WD,CVC4/selected,proved,105
BridgeAluGates/M0/srl/act1/WD,Z3/selected,proved,38
BridgeAluGates/M0/srl/act1/WD,CVC3/selected,failed,21
BridgeAluGates/M0/srl/act1/WD,veriT/all,proved,470
BridgeAluGates/M0/srl/act1/WD,CVC4/all,proved,120
BridgeAluGates/M0/srl/act1/WD,Z3/all,proved,33
BridgeAluGates/M0/srl/act1/WD,CVC3/all,failed,31
BridgeAluGates/M0/sra/word/INV,veriT/selected,proved,252
BridgeAluGates/M0/sra/word/INV,CVC4/selected,proved,106
BridgeAluGates/M0/sra/word/INV,Z3/selected,proved,125
BridgeAluGates/M0/sra/word/INV,CVC3/selected,proved,3646
BridgeAluGates/M0/sra/word/INV,veriT/all,proved,3545
BridgeAluGates/M0/sra/word/INV,CVC4/all,proved,547
BridgeAluGates/M0/sra/word/INV,Z3/all,proved,207
BridgeAluGates/M0/sra/word/INV,CVC3/all,failed,67
BridgeAluGates/M0/sra/act1/WD,veriT/selected,proved,1
BridgeAluGates/M0/sra/act1/WD,CVC4/selected,proved,0
BridgeAluGates/M0/sra/act1/WD,Z3/selected,proved,0
BridgeAluGates/M0/sra/act1/WD,CVC3/selected,proved,0
BridgeAluGates/M0/sra/act1/WD,veriT/all,proved,0
BridgeAluGates/M0/sra/act1/WD,CVC4/all,proved,0
BridgeAluGates/M0/sra/act1/WD,Z3/all,proved,0
BridgeAluGates/M0/sra/act1/WD,CVC3/all,proved,0
BridgeAluGates/M0/sra/act1/WD,veriT/selected,proved,8
BridgeAluGates/M0/sra/act1/WD,CVC4/selected,proved,18
BridgeAluGates/M0/sra/act1/WD,Z3/selected,proved,12
BridgeAluGates/M0/sra/act1/WD,CVC3/selected,failed,8
BridgeAluGates/M0/sra/act1/WD,veriT/all,proved,8
BridgeAluGates/M0/sra/act1/WD,CVC4/all,proved,18
BridgeAluGates/M0/sra/act1/WD,Z3/all,proved,11
BridgeAluGates/M0/sra/act1/WD,CVC3/all,failed,8
BridgeAluGates/M0/sra/act1/WD,veriT/selected,proved,0
BridgeAluGates/M0/sra/act1/WD,CVC4/selected,proved,0
BridgeAluGates/M0/sra/act1/WD,Z3/selected,proved,0
BridgeAluGates/M0/sra/act1/WD,CVC3/selected,proved,0
BridgeAluGates/M0/sra/act1/WD,veriT/all,proved,0
BridgeAluGates/M0/sra/act1/WD,CVC4/all,proved,0
BridgeAluGates/M0/sra/act1/WD,Z3/all,proved,0
BridgeAluGates/M0/sra/act1/WD,CVC3/all,proved,0
BridgeAluGates/M0/sra/act1/WD,veriT/selected,proved,10
BridgeAluGates/M0/sra/act1/WD,CVC4/selected,proved,22
BridgeAluGates/M0/sra/act1/WD,Z3/selected,proved,12
BridgeAluGates/M0/sra/act1/WD,CVC3/selected,failed,9
BridgeAluGates/M0/sra/act1/WD,veriT/all,proved,10
BridgeAluGates/M0/sra/act1/WD,CVC4/all,proved,18
BridgeAluGates/M0/sra/act1/WD,Z3/all,proved,12
BridgeAluGates/M0/sra/act1/WD,CVC3/all,failed,9
BridgeAluGates/M0/sra/act1/WD,veriT/selected,proved,0
BridgeAluGates/M0/sra/act1/WD,CVC4/selected,proved,0
BridgeAluGates/M0/sra/act1/WD,Z3/selected,proved,0
BridgeAluGates/M0/sra/act1/WD,CVC3/selected,proved,0
BridgeAluGates/M0/sra/act1/WD,veriT/all,proved,0
BridgeAluGates/M0/sra/act1/WD,CVC4/all,proved,0
BridgeAluGates/M0/sra/act1/WD,Z3/all,proved,0
BridgeAluGates/M0/sra/act1/WD,CVC3/all,proved,0
BridgeAluGates/M0/sra/act1/WD,veriT/selected,proved,14
BridgeAluGates/M0/sra/act1/WD,CVC4/selected,proved,21
BridgeAluGates/M0/sra/act1/WD,Z3/selected,proved,12
BridgeAluGates/M0/sra/act1/WD,CVC3/selected,failed,9
BridgeAluGates/M0/sra/act1/WD,veriT/all,proved,12
BridgeAluGates/M0/sra/act1/WD,CVC4/all,proved,25
BridgeAluGates/M0/sra/act1/WD,Z3/all,proved,13
BridgeAluGates/M0/sra/act1/WD,CVC3/all,failed,10
BridgeAluGates/M0/sra/act1/WD,veriT/selected,proved,0
BridgeAluGates/M0/sra/act1/WD,CVC4/selected,proved,0
BridgeAluGates/M0/sra/act1/WD,Z3/selected,proved,0
BridgeAluGates/M0/sra/act1/WD,CVC3/selected,proved,0
BridgeAluGates/M0/sra/act1/WD,veriT/all,proved,0
BridgeAluGates/M0/sra/act1/WD,CVC4/all,proved,0
BridgeAluGates/M0/sra/act1/WD,Z3/all,proved,0
BridgeAluGates/M0/sra/act1/WD,CVC3/all,proved,0
BridgeAluGates/M0/sra/act1/WD,veriT/selected,proved,16
BridgeAluGates/M0/sra/act1/WD,CVC4/selected,proved,25
BridgeAluGates/M0/sra/act1/WD,Z3/selected,proved,12
BridgeAluGates/M0/sra/act1/WD,CVC3/selected,failed,9
BridgeAluGates/M0/sra/act1/WD,veriT/all,proved,16
BridgeAluGates/M0/sra/act1/WD,CVC4/all,proved,22
BridgeAluGates/M0/sra/act1/WD,Z3/all,proved,12
BridgeAluGates/M0/sra/act1/WD,CVC3/all,failed,9
BridgeAluGates/M0/sra/act1/WD,veriT/selected,proved,0
BridgeAluGates/M0/sra/act1/WD,CVC4/selected,proved,0
BridgeAluGates/M0/sra/act1/WD,Z3/selected,proved,0
BridgeAluGates/M0/sra/act1/WD,CVC3/selected,proved,0
BridgeAluGates/M0/sra/act1/WD,veriT/all,proved,0
BridgeAluGates/M0/sra/act1/WD,CVC4/all,proved,1
BridgeAluGates/M0/sra/act1/WD,Z3/all,proved,0
BridgeAluGates/M0/sra/act1/WD,CVC3/all,proved,0
BridgeAluGates/M0/sra/act1/WD,veriT/selected,proved,19
BridgeAluGates/M0/sra/act1/WD,CVC4/selected,proved,25
BridgeAluGates/M0/sra/act1/WD,Z3/selected,proved,14
BridgeAluGates/M0/sra/act1/WD,CVC3/selected,failed,11
BridgeAluGates/M0/sra/act1/WD,veriT/all,proved,22
BridgeAluGates/M0/sra/act1/WD,CVC4/all,proved,25
BridgeAluGates/M0/sra/act1/WD,Z3/all,proved,14
BridgeAluGates/M0/sra/act1/WD,CVC3/all,failed,11
BridgeAluGates/M0/sra/act1/WD,veriT/selected,proved,0
BridgeAluGates/M0/sra/act1/WD,CVC4/selected,proved,0
BridgeAluGates/M0/sra/act1/WD,Z3/selected,proved,0
BridgeAluGates/M0/sra/act1/WD,CVC3/selected,proved,0
BridgeAluGates/M0/sra/act1/WD,veriT/all,proved,0
BridgeAluGates/M0/sra/act1/WD,CVC4/all,proved,0
BridgeAluGates/M0/sra/act1/WD,Z3/all,proved,0
BridgeAluGates/M0/sra/act1/WD,CVC3/all,proved,0
BridgeAluGates/M0/sra/act1/WD,veriT/selected,proved,27
BridgeAluGates/M0/sra/act1/WD,CVC4/selected,proved,32
BridgeAluGates/M0/sra/act1/WD,Z3/selected,proved,14
BridgeAluGates/M0/sra/act1/WD,CVC3/selected,failed,10
BridgeAluGates/M0/sra/act1/WD,veriT/all,proved,24
BridgeAluGates/M0/sra/act1/WD,CVC4/all,proved,25
BridgeAluGates/M0/sra/act1/WD,Z3/all,proved,17
BridgeAluGates/M0/sra/act1/WD,CVC3/all,failed,10
BridgeAluGates/M0/sra/act1/WD,veriT/selected,proved,0
BridgeAluGates/M0/sra/act1/WD,CVC4/selected,proved,0
BridgeAluGates/M0/sra/act1/WD,Z3/selected,proved,0
BridgeAluGates/M0/sra/act1/WD,CVC3/selected,proved,0
BridgeAluGates/M0/sra/act1/WD,veriT/all,proved,0
BridgeAluGates/M0/sra/act1/WD,CVC4/all,proved,0
BridgeAluGates/M0/sra/act1/WD,Z3/all,proved,0
BridgeAluGates/M0/sra/act1/WD,CVC3/all,proved,0
BridgeAluGates/M0/sra/act1/WD,veriT/selected,proved,27
BridgeAluGates/M0/sra/act1/WD,CVC4/selected,proved,29
BridgeAluGates/M0/sra/act1/WD,Z3/selected,proved,15
BridgeAluGates/M0/sra/act1/WD,CVC3/selected,failed,10
BridgeAluGates/M0/sra/act1/WD,veriT/all,proved,28
BridgeAluGates/M0/sra/act1/WD,CVC4/all,proved,32
BridgeAluGates/M0/sra/act1/WD,Z3/all,proved,14
BridgeAluGates/M0/sra/act1/WD,CVC3/all,failed,10
BridgeAluGates/M0/sra/act1/WD,veriT/selected,proved,0
BridgeAluGates/M0/sra/act1/WD,CVC4/selected,proved,0
BridgeAluGates/M0/sra/act1/WD,Z3/selected,proved,0
BridgeAluGates/M0/sra/act1/WD,CVC3/selected,proved,0
BridgeAluGates/M0/sra/act1/WD,veriT/all,proved,0
BridgeAluGates/M0/sra/act1/WD,CVC4/all,proved,0
BridgeAluGates/M0/sra/act1/WD,Z3/all,proved,0
BridgeAluGates/M0/sra/act1/WD,CVC3/all,proved,0
BridgeAluGates/M0/sra/act1/WD,veriT/selected,proved,33
BridgeAluGates/M0/sra/act1/WD,CVC4/selected,proved,31
BridgeAluGates/M0/sra/act1/WD,Z3/selected,proved,14
BridgeAluGates/M0/sra/act1/WD,CVC3/selected,failed,10
BridgeAluGates/M0/sra/act1/WD,veriT/all,proved,34
BridgeAluGates/M0/sra/act1/WD,CVC4/all,proved,34
BridgeAluGates/M0/sra/act1/WD,Z3/all,proved,15
BridgeAluGates/M0/sra/act1/WD,CVC3/all,failed,11
BridgeAluGates/M0/sra/act1/WD,veriT/selected,proved,0
BridgeAluGates/M0/sra/act1/WD,CVC4/selected,proved,0
BridgeAluGates/M0/sra/act1/WD,Z3/selected,proved,0
BridgeAluGates/M0/sra/act1/WD,CVC3/selected,proved,0
BridgeAluGates/M0/sra/act1/WD,veriT/all,proved,0
BridgeAluGates/M0/sra/act1/WD,CVC4/all,proved,0
BridgeAluGates/M0/sra/act1/WD,Z3/all,proved,0
BridgeAluGates/M0/sra/act1/WD,CVC3/all,proved,0
BridgeAluGates/M0/sra/act1/WD,veriT/selected,proved,41
BridgeAluGates/M0/sra/act1/WD,CVC4/selected,proved,34
BridgeAluGates/M0/sra/act1/WD,Z3/selected,proved,14
BridgeAluGates/M0/sra/act1/WD,CVC3/selected,failed,10
BridgeAluGates/M0/sra/act1/WD,veriT/all,proved,42
BridgeAluGates/M0/sra/act1/WD,CVC4/all,proved,33
BridgeAluGates/M0/sra/act1/WD,Z3/all,proved,16
BridgeAluGates/M0/sra/act1/WD,CVC3/all,failed,12
BridgeAluGates/M0/sra/act1/WD,veriT/selected,proved,0
BridgeAluGates/M0/sra/act1/WD,CVC4/selected,proved,0
BridgeAluGates/M0/sra/act1/WD,Z3/selected,proved,0
BridgeAluGates/M0/sra/act1/WD,CVC3/selected,proved,0
BridgeAluGates/M0/sra/act1/WD,veriT/all,proved,0
BridgeAluGates/M0/sra/act1/WD,CVC4/all,proved,0
BridgeAluGates/M0/sra/act1/WD,Z3/all,proved,0
BridgeAluGates/M0/sra/act1/WD,CVC3/all,proved,0
BridgeAluGates/M0/sra/act1/WD,veriT/selected,proved,47
BridgeAluGates/M0/sra/act1/WD,CVC4/selected,proved,36
BridgeAluGates/M0/sra/act1/WD,Z3/selected,proved,15
BridgeAluGates/M0/sra/act1/WD,CVC3/selected,failed,11
BridgeAluGates/M0/sra/act1/WD,veriT/all,proved,48
BridgeAluGates/M0/sra/act1/WD,CVC4/all,proved,37
BridgeAluGates/M0/sra/act1/WD,Z3/all,proved,16
BridgeAluGates/M0/sra/act1/WD,CVC3/all,failed,19
BridgeAluGates/M0/sra/act1/WD,veriT/selected,proved,0
BridgeAluGates/M0/sra/act1/WD,CVC4/selected,proved,0
BridgeAluGates/M0/sra/act1/WD,Z3/selected,proved,0
BridgeAluGates/M0/sra/act1/WD,CVC3/selected,proved,0
BridgeAluGates/M0/sra/act1/WD,veriT/all,proved,0
BridgeAluGates/M0/sra/act1/WD,CVC4/all,proved,0
BridgeAluGates/M0/sra/act1/WD,Z3/all,proved,0
BridgeAluGates/M0/sra/act1/WD,CVC3/all,proved,0
BridgeAluGates/M0/sra/act1/WD,veriT/selected,proved,51
BridgeAluGates/M0/sra/act1/WD,CVC4/selected,proved,39
BridgeAluGates/M0/sra/act1/WD,Z3/selected,proved,20
BridgeAluGates/M0/sra/act1/WD,CVC3/selected,failed,11
BridgeAluGates/M0/sra/act1/WD,veriT/all,proved,52
BridgeAluGates/M0/sra/act1/WD,CVC4/all,proved,37
BridgeAluGates/M0/sra/act1/WD,Z3/all,proved,16
BridgeAluGates/M0/sra/act1/WD,CVC3/all,failed,11
BridgeAluGates/M0/sra/act1/WD,veriT/selected,proved,0
BridgeAluGates/M0/sra/act1/WD,CVC4/selected,proved,0
BridgeAluGates/M0/sra/act1/WD,Z3/selected,proved,0
BridgeAluGates/M0/sra/act1/WD,CVC3/selected,proved,0
BridgeAluGates/M0/sra/act1/WD,veriT/all,proved,0
BridgeAluGates/M0/sra/act1/WD,CVC4/all,proved,0
BridgeAluGates/M0/sra/act1/WD,Z3/all,proved,0
BridgeAluGates/M0/sra/act1/WD,CVC3/all,proved,0
BridgeAluGates/M0/sra/act1/WD,veriT/selected,proved,60
BridgeAluGates/M0/sra/act1/WD,CVC4/selected,proved,41
BridgeAluGates/M0/sra/act1/WD,Z3/selected,proved,16
BridgeAluGates/M0/sra/act1/WD,CVC3/selected,failed,12
BridgeAluGates/M0/sra/act1/WD,veriT/all,proved,61
BridgeAluGates/M0/sra/act1/WD,CVC4/all,proved,39
BridgeAluGates/M0/sra/act1/WD,Z3/all,proved,21
BridgeAluGates/M0/sra/act1/WD,CVC3/all,failed,13
BridgeAluGates/M0/sra/act1/WD,veriT/selected,proved,0
BridgeAluGates/M0/sra/act1/WD,CVC4/selected,proved,0
BridgeAluGates/M0/sra/act1/WD,Z3/selected,proved,0
BridgeAluGates/M0/sra/act1/WD,CVC3/selected,proved,0
BridgeAluGates/M0/sra/act1/WD,veriT/all,proved,0
BridgeAluGates/M0/sra/act1/WD,CVC4/all,proved,0
BridgeAluGates/M0/sra/act1/WD,Z3/all,proved,0
BridgeAluGates/M0/sra/act1/WD,CVC3/all,proved,0
BridgeAluGates/M0/sra/act1/WD,veriT/selected,proved,67
BridgeAluGates/M0/sra/act1/WD,CVC4/selected,proved,50
BridgeAluGates/M0/sra/act1/WD,Z3/selected,proved,17
BridgeAluGates/M0/sra/act1/WD,CVC3/selected,failed,16
BridgeAluGates/M0/sra/act1/WD,veriT/all,proved,72
BridgeAluGates/M0/sra/act1/WD,CVC4/all,proved,61
BridgeAluGates/M0/sra/act1/WD,Z3/all,proved,17
BridgeAluGates/M0/sra/act1/WD,CVC3/all,failed,12
BridgeAluGates/M0/sra/act1/WD,veriT/selected,proved,0
BridgeAluGates/M0/sra/act1/WD,CVC4/selected,proved,0
BridgeAluGates/M0/sra/act1/WD,Z3/selected,proved,0
BridgeAluGates/M0/sra/act1/WD,CVC3/selected,proved,0
BridgeAluGates/M0/sra/act1/WD,veriT/all,proved,0
BridgeAluGates/M0/sra/act1/WD,CVC4/all,proved,0
BridgeAluGates/M0/sra/act1/WD,Z3/all,proved,0
BridgeAluGates/M0/sra/act1/WD,CVC3/all,proved,0
BridgeAluGates/M0/sra/act1/WD,veriT/selected,proved,93
BridgeAluGates/M0/sra/act1/WD,CVC4/selected,proved,47
BridgeAluGates/M0/sra/act1/WD,Z3/selected,proved,18
BridgeAluGates/M0/sra/act1/WD,CVC3/selected,failed,13
BridgeAluGates/M0/sra/act1/WD,veriT/all,proved,91
BridgeAluGates/M0/sra/act1/WD,CVC4/all,proved,47
BridgeAluGates/M0/sra/act1/WD,Z3/all,proved,22
BridgeAluGates/M0/sra/act1/WD,CVC3/all,failed,12
BridgeAluGates/M0/sra/act1/WD,veriT/selected,proved,0
BridgeAluGates/M0/sra/act1/WD,CVC4/selected,proved,0
BridgeAluGates/M0/sra/act1/WD,Z3/selected,proved,0
BridgeAluGates/M0/sra/act1/WD,CVC3/selected,proved,0
BridgeAluGates/M0/sra/act1/WD,veriT/all,proved,0
BridgeAluGates/M0/sra/act1/WD,CVC4/all,proved,0
BridgeAluGates/M0/sra/act1/WD,Z3/all,proved,0
BridgeAluGates/M0/sra/act1/WD,CVC3/all,proved,0
BridgeAluGates/M0/sra/act1/WD,veriT/selected,proved,86
BridgeAluGates/M0/sra/act1/WD,CVC4/selected,proved,59
BridgeAluGates/M0/sra/act1/WD,Z3/selected,proved,20
BridgeAluGates/M0/sra/act1/WD,CVC3/selected,failed,16
BridgeAluGates/M0/sra/act1/WD,veriT/all,proved,90
BridgeAluGates/M0/sra/act1/WD,CVC4/all,proved,60
BridgeAluGates/M0/sra/act1/WD,Z3/all,proved,19
BridgeAluGates/M0/sra/act1/WD,CVC3/all,failed,13
BridgeAluGates/M0/sra/act1/WD,veriT/selected,proved,0
BridgeAluGates/M0/sra/act1/WD,CVC4/selected,proved,0
BridgeAluGates/M0/sra/act1/WD,Z3/selected,proved,0
BridgeAluGates/M0/sra/act1/WD,CVC3/selected,proved,0
BridgeAluGates/M0/sra/act1/WD,veriT/all,proved,0
BridgeAluGates/M0/sra/act1/WD,CVC4/all,proved,0
BridgeAluGates/M0/sra/act1/WD,Z3/all,proved,1
BridgeAluGates/M0/sra/act1/WD,CVC3/all,proved,0
BridgeAluGates/M0/sra/act1/WD,veriT/selected,proved,643
BridgeAluGates/M0/sra/act1/WD,CVC4/selected,proved,51
BridgeAluGates/M0/sra/act1/WD,Z3/selected,proved,19
BridgeAluGates/M0/sra/act1/WD,CVC3/selected,failed,12
BridgeAluGates/M0/sra/act1/WD,veriT/all,proved,648
BridgeAluGates/M0/sra/act1/WD,CVC4/all,proved,53
BridgeAluGates/M0/sra/act1/WD,Z3/all,proved,20
BridgeAluGates/M0/sra/act1/WD,CVC3/all,failed,13
BridgeAluGates/M0/sra/act1/WD,veriT/selected,proved,0
BridgeAluGates/M0/sra/act1/WD,CVC4/selected,proved,0
BridgeAluGates/M0/sra/act1/WD,Z3/selected,proved,0
BridgeAluGates/M0/sra/act1/WD,CVC3/selected,proved,0
BridgeAluGates/M0/sra/act1/WD,veriT/all,proved,0
BridgeAluGates/M0/sra/act1/WD,CVC4/all,proved,0
BridgeAluGates/M0/sra/act1/WD,Z3/all,proved,0
BridgeAluGates/M0/sra/act1/WD,CVC3/all,proved,0
BridgeAluGates/M0/sra/act1/WD,veriT/selected,proved,136
BridgeAluGates/M0/sra/act1/WD,CVC4/selected,proved,59
BridgeAluGates/M0/sra/act1/WD,Z3/selected,proved,21
BridgeAluGates/M0/sra/act1/WD,CVC3/selected,failed,13
BridgeAluGates/M0/sra/act1/WD,veriT/all,proved,137
BridgeAluGates/M0/sra/act1/WD,CVC4/all,proved,53
BridgeAluGates/M0/sra/act1/WD,Z3/all,proved,21
BridgeAluGates/M0/sra/act1/WD,CVC3/all,failed,13
BridgeAluGates/M0/sra/act1/WD,veriT/selected,proved,1
BridgeAluGates/M0/sra/act1/WD,CVC4/selected,proved,0
BridgeAluGates/M0/sra/act1/WD,Z3/selected,proved,0
BridgeAluGates/M0/sra/act1/WD,CVC3/selected,proved,0
BridgeAluGates/M0/sra/act1/WD,veriT/all,proved,0
BridgeAluGates/M0/sra/act1/WD,CVC4/all,proved,0
BridgeAluGates/M0/sra/act1/WD,Z3/all,proved,0
BridgeAluGates/M0/sra/act1/WD,CVC3/all,proved,0
BridgeAluGates/M0/sra/act1/WD,veriT/selected,proved,119
BridgeAluGates/M0/sra/act1/WD,CVC4/selected,proved,56
BridgeAluGates/M0/sra/act1/WD,Z3/selected,proved,22
BridgeAluGates/M0/sra/act1/WD,CVC3/selected,failed,14
BridgeAluGates/M0/sra/act1/WD,veriT/all,proved,130
BridgeAluGates/M0/sra/act1/WD,CVC4/all,proved,67
BridgeAluGates/M0/sra/act1/WD,Z3/all,proved,27
BridgeAluGates/M0/sra/act1/WD,CVC3/all,failed,14
BridgeAluGates/M0/sra/act1/WD,veriT/selected,proved,0
BridgeAluGates/M0/sra/act1/WD,CVC4/selected,proved,0
BridgeAluGates/M0/sra/act1/WD,Z3/selected,proved,0
BridgeAluGates/M0/sra/act1/WD,CVC3/selected,proved,0
BridgeAluGates/M0/sra/act1/WD,veriT/all,proved,0
BridgeAluGates/M0/sra/act1/WD,CVC4/all,proved,0
BridgeAluGates/M0/sra/act1/WD,Z3/all,proved,0
BridgeAluGates/M0/sra/act1/WD,CVC3/all,proved,0
BridgeAluGates/M0/sra/act1/WD,veriT/selected,proved,166
BridgeAluGates/M0/sra/act1/WD,CVC4/selected,proved,67
BridgeAluGates/M0/sra/act1/WD,Z3/selected,proved,35
BridgeAluGates/M0/sra/act1/WD,CVC3/selected,failed,17
BridgeAluGates/M0/sra/act1/WD,veriT/all,proved,155
BridgeAluGates/M0/sra/act1/WD,CVC4/all,proved,64
BridgeAluGates/M0/sra/act1/WD,Z3/all,proved,22
BridgeAluGates/M0/sra/act1/WD,CVC3/all,failed,18
BridgeAluGates/M0/sra/act1/WD,veriT/selected,proved,0
BridgeAluGates/M0/sra/act1/WD,CVC4/selected,proved,0
BridgeAluGates/M0/sra/act1/WD,Z3/selected,proved,0
BridgeAluGates/M0/sra/act1/WD,CVC3/selected,proved,0
BridgeAluGates/M0/sra/act1/WD,veriT/all,proved,0
BridgeAluGates/M0/sra/act1/WD,CVC4/all,proved,0
BridgeAluGates/M0/sra/act1/WD,Z3/all,proved,0
BridgeAluGates/M0/sra/act1/WD,CVC3/all,proved,0
BridgeAluGates/M0/sra/act1/WD,veriT/selected,proved,4823
BridgeAluGates/M0/sra/act1/WD,CVC4/selected,proved,62
BridgeAluGates/M0/sra/act1/WD,Z3/selected,proved,23
BridgeAluGates/M0/sra/act1/WD,CVC3/selected,failed,14
BridgeAluGates/M0/sra/act1/WD,veriT/all,proved,4936
BridgeAluGates/M0/sra/act1/WD,CVC4/all,proved,65
BridgeAluGates/M0/sra/act1/WD,Z3/all,proved,22
BridgeAluGates/M0/sra/act1/WD,CVC3/all,failed,16
BridgeAluGates/M0/sra/act1/WD,veriT/selected,proved,0
BridgeAluGates/M0/sra/act1/WD,CVC4/selected,proved,0
BridgeAluGates/M0/sra/act1/WD,Z3/selected,proved,0
BridgeAluGates/M0/sra/act1/WD,CVC3/selected,proved,0
BridgeAluGates/M0/sra/act1/WD,veriT/all,proved,0
BridgeAluGates/M0/sra/act1/WD,CVC4/all,proved,0
BridgeAluGates/M0/sra/act1/WD,Z3/all,proved,0
BridgeAluGates/M0/sra/act1/WD,CVC3/all,proved,0
BridgeAluGates/M0/sra/act1/WD,veriT/selected,proved,188
BridgeAluGates/M0/sra/act1/WD,CVC4/selected,proved,66
BridgeAluGates/M0/sra/act1/WD,Z3/selected,proved,24
BridgeAluGates/M0/sra/act1/WD,CVC3/selected,failed,21
BridgeAluGates/M0/sra/act1/WD,veriT/all,proved,204
BridgeAluGates/M0/sra/act1/WD,CVC4/all,proved,67
BridgeAluGates/M0/sra/act1/WD,Z3/all,proved,29
BridgeAluGates/M0/sra/act1/WD,CVC3/all,failed,16
BridgeAluGates/M0/sra/act1/WD,veriT/selected,proved,0
BridgeAluGates/M0/sra/act1/WD,CVC4/selected,proved,0
BridgeAluGates/M0/sra/act1/WD,Z3/selected,proved,0
BridgeAluGates/M0/sra/act1/WD,CVC3/selected,proved,0
BridgeAluGates/M0/sra/act1/WD,veriT/all,proved,0
BridgeAluGates/M0/sra/act1/WD,CVC4/all,proved,0
BridgeAluGates/M0/sra/act1/WD,Z3/all,proved,0
BridgeAluGates/M0/sra/act1/WD,CVC3/all,proved,0
BridgeAluGates/M0/sra/act1/WD,veriT/selected,proved,230
BridgeAluGates/M0/sra/act1/WD,CVC4/selected,proved,73
BridgeAluGates/M0/sra/act1/WD,Z3/selected,proved,24
BridgeAluGates/M0/sra/act1/WD,CVC3/selected,failed,21
BridgeAluGates/M0/sra/act1/WD,veriT/all,proved,224
BridgeAluGates/M0/sra/act1/WD,CVC4/all,proved,71
BridgeAluGates/M0/sra/act1/WD,Z3/all,proved,29
BridgeAluGates/M0/sra/act1/WD,CVC3/all,failed,16
BridgeAluGates/M0/sra/act1/WD,veriT/selected,proved,0
BridgeAluGates/M0/sra/act1/WD,CVC4/selected,proved,0
BridgeAluGates/M0/sra/act1/WD,Z3/selected,proved,0
BridgeAluGates/M0/sra/act1/WD,CVC3/selected,proved,0
BridgeAluGates/M0/sra/act1/WD,veriT/all,proved,0
BridgeAluGates/M0/sra/act1/WD,CVC4/all,proved,0
BridgeAluGates/M0/sra/act1/WD,Z3/all,proved,0
BridgeAluGates/M0/sra/act1/WD,CVC3/all,proved,0
BridgeAluGates/M0/sra/act1/WD,veriT/selected,proved,202
BridgeAluGates/M0/sra/act1/WD,CVC4/selected,proved,79
BridgeAluGates/M0/sra/act1/WD,Z3/selected,proved,25
BridgeAluGates/M0/sra/act1/WD,CVC3/selected,failed,16
BridgeAluGates/M0/sra/act1/WD,veriT/all,proved,209
BridgeAluGates/M0/sra/act1/WD,CVC4/all,proved,80
BridgeAluGates/M0/sra/act1/WD,Z3/all,proved,24
BridgeAluGates/M0/sra/act1/WD,CVC3/all,failed,16
BridgeAluGates/M0/sra/act1/WD,veriT/selected,proved,0
BridgeAluGates/M0/sra/act1/WD,CVC4/selected,proved,0
BridgeAluGates/M0/sra/act1/WD,Z3/selected,proved,0
BridgeAluGates/M0/sra/act1/WD,CVC3/selected,proved,0
BridgeAluGates/M0/sra/act1/WD,veriT/all,proved,0
BridgeAluGates/M0/sra/act1/WD,CVC4/all,proved,0
BridgeAluGates/M0/sra/act1/WD,Z3/all,proved,0
BridgeAluGates/M0/sra/act1/WD,CVC3/all,proved,0
BridgeAluGates/M0/sra/act1/WD,veriT/selected,proved,257
BridgeAluGates/M0/sra/act1/WD,CVC4/selected,proved,82
BridgeAluGates/M0/sra/act1/WD,Z3/selected,proved,27
BridgeAluGates/M0/sra/act1/WD,CVC3/selected,failed,20
BridgeAluGates/M0/sra/act1/WD,veriT/all,proved,254
BridgeAluGates/M0/sra/act1/WD,CVC4/all,proved,87
BridgeAluGates/M0/sra/act1/WD,Z3/all,proved,28
BridgeAluGates/M0/sra/act1/WD,CVC3/all,failed,16
BridgeAluGates/M0/sra/act1/WD,veriT/selected,proved,1
BridgeAluGates/M0/sra/act1/WD,CVC4/selected,proved,0
BridgeAluGates/M0/sra/act1/WD,Z3/selected,proved,0
BridgeAluGates/M0/sra/act1/WD,CVC3/selected,proved,0
BridgeAluGates/M0/sra/act1/WD,veriT/all,proved,0
BridgeAluGates/M0/sra/act1/WD,CVC4/all,proved,0
BridgeAluGates/M0/sra/act1/WD,Z3/all,proved,0
BridgeAluGates/M0/sra/act1/WD,CVC3/all,proved,0
BridgeAluGates/M0/sra/act1/WD,veriT/selected,proved,285
BridgeAluGates/M0/sra/act1/WD,CVC4/selected,proved,81
BridgeAluGates/M0/sra/act1/WD,Z3/selected,proved,26
BridgeAluGates/M0/sra/act1/WD,CVC3/selected,failed,17
BridgeAluGates/M0/sra/act1/WD,veriT/all,proved,289
BridgeAluGates/M0/sra/act1/WD,CVC4/all,proved,79
BridgeAluGates/M0/sra/act1/WD,Z3/all,proved,30
BridgeAluGates/M0/sra/act1/WD,CVC3/all,failed,16
BridgeAluGates/M0/sra/act1/WD,veriT/selected,proved,1
BridgeAluGates/M0/sra/act1/WD,CVC4/selected,proved,0
BridgeAluGates/M0/sra/act1/WD,Z3/selected,proved,0
BridgeAluGates/M0/sra/act1/WD,CVC3/selected,proved,0
BridgeAluGates/M0/sra/act1/WD,veriT/all,proved,0
BridgeAluGates/M0/sra/act1/WD,CVC4/all,proved,0
BridgeAluGates/M0/sra/act1/WD,Z3/all,proved,0
BridgeAluGates/M0/sra/act1/WD,CVC3/all,proved,1
BridgeAluGates/M0/sra/act1/WD,veriT/selected,proved,297
BridgeAluGates/M0/sra/act1/WD,CVC4/selected,proved,90
BridgeAluGates/M0/sra/act1/WD,Z3/selected,proved,32
BridgeAluGates/M0/sra/act1/WD,CVC3/selected,failed,18
BridgeAluGates/M0/sra/act1/WD,veriT/all,proved,301
BridgeAluGates/M0/sra/act1/WD,CVC4/all,proved,86
BridgeAluGates/M0/sra/act1/WD,Z3/all,proved,28
BridgeAluGates/M0/sra/act1/WD,CVC3/all,failed,17
BridgeAluGates/M0/sra/act1/WD,veriT/selected,proved,0
BridgeAluGates/M0/sra/act1/WD,CVC4/selected,proved,0
BridgeAluGates/M0/sra/act1/WD,Z3/selected,proved,0
BridgeAluGates/M0/sra/act1/WD,CVC3/selected,proved,0
BridgeAluGates/M0/sra/act1/WD,veriT/all,proved,0
BridgeAluGates/M0/sra/act1/WD,CVC4/all,proved,0
BridgeAluGates/M0/sra/act1/WD,Z3/all,proved,0
BridgeAluGates/M0/sra/act1/WD,CVC3/all,proved,0
BridgeAluGates/M0/sra/act1/WD,veriT/selected,proved,406
BridgeAluGates/M0/sra/act1/WD,CVC4/selected,proved,105
BridgeAluGates/M0/sra/act1/WD,Z3/selected,proved,37
BridgeAluGates/M0/sra/act1/WD,CVC3/selected,failed,23
BridgeAluGates/M0/sra/act1/WD,veriT/all,proved,408
BridgeAluGates/M0/sra/act1/WD,CVC4/all,proved,86
BridgeAluGates/M0/sra/act1/WD,Z3/all,proved,28
BridgeAluGates/M0/sra/act1/WD,CVC3/all,failed,17
BridgeAluGates/M0/sra/act1/WD,veriT/selected,proved,1
BridgeAluGates/M0/sra/act1/WD,CVC4/selected,proved,0
BridgeAluGates/M0/sra/act1/WD,Z3/selected,proved,0
BridgeAluGates/M0/sra/act1/WD,CVC3/selected,proved,0
BridgeAluGates/M0/sra/act1/WD,veriT/all,proved,0
BridgeAluGates/M0/sra/act1/WD,CVC4/all,proved,0
BridgeAluGates/M0/sra/act1/WD,Z3/all,proved,0
BridgeAluGates/M0/sra/act1/WD,CVC3/all,proved,0
BridgeAluGates/M0/sra/act1/WD,veriT/selected,proved,429
BridgeAluGates/M0/sra/act1/WD,CVC4/selected,proved,91
BridgeAluGates/M0/sra/act1/WD,Z3/selected,proved,28
BridgeAluGates/M0/sra/act1/WD,CVC3/selected,failed,18
BridgeAluGates/M0/sra/act1/WD,veriT/all,proved,429
BridgeAluGates/M0/sra/act1/WD,CVC4/all,proved,90
BridgeAluGates/M0/sra/act1/WD,Z3/all,proved,33
BridgeAluGates/M0/sra/act1/WD,CVC3/all,failed,19
BridgeAluGates/M0/sra/act1/WD,veriT/selected,proved,0
BridgeAluGates/M0/sra/act1/WD,CVC4/selected,proved,0
BridgeAluGates/M0/sra/act1/WD,Z3/selected,proved,0
BridgeAluGates/M0/sra/act1/WD,CVC3/selected,proved,0
BridgeAluGates/M0/sra/act1/WD,veriT/all,proved,0
BridgeAluGates/M0/sra/act1/WD,CVC4/all,proved,0
BridgeAluGates/M0/sra/act1/WD,Z3/all,proved,0
BridgeAluGates/M0/sra/act1/WD,CVC3/all,proved,0
BridgeAluGates/M0/sra/act1/WD,veriT/selected,failed,10000
BridgeAluGates/M0/sra/act1/WD,CVC4/selected,proved,129
BridgeAluGates/M0/sra/act1/WD,Z3/selected,proved,34
BridgeAluGates/M0/sra/act1/WD,CVC3/selected,failed,20
BridgeAluGates/M0/sra/act1/WD,veriT/all,failed,10000
BridgeAluGates/M0/sra/act1/WD,CVC4/all,proved,105
BridgeAluGates/M0/sra/act1/WD,Z3/all,proved,39
BridgeAluGates/M0/sra/act1/WD,CVC3/all,failed,21
BridgeAluGates/M0/sra/act1/WD,veriT/selected,proved,0
BridgeAluGates/M0/sra/act1/WD,CVC4/selected,proved,0
BridgeAluGates/M0/sra/act1/WD,Z3/selected,proved,0
BridgeAluGates/M0/sra/act1/WD,CVC3/selected,proved,0
BridgeAluGates/M0/sra/act1/WD,veriT/all,proved,0
BridgeAluGates/M0/sra/act1/WD,CVC4/all,proved,0
BridgeAluGates/M0/sra/act1/WD,Z3/all,proved,0
BridgeAluGates/M0/sra/act1/WD,CVC3/all,proved,0
BridgeAluGates/M0/sra/act1/WD,veriT/selected,proved,505
BridgeAluGates/M0/sra/act1/WD,CVC4/selected,proved,116
BridgeAluGates/M0/sra/act1/WD,Z3/selected,proved,36
BridgeAluGates/M0/sra/act1/WD,CVC3/selected,failed,23
BridgeAluGates/M0/sra/act1/WD,veriT/all,proved,512
BridgeAluGates/M0/sra/act1/WD,CVC4/all,proved,107
BridgeAluGates/M0/sra/act1/WD,Z3/all,proved,51
BridgeAluGates/M0/sra/act1/WD,CVC3/all,failed,30
BridgeAluGates/M0/sra/act1/WD,veriT/selected,proved,0
BridgeAluGates/M0/sra/act1/WD,CVC4/selected,proved,0
BridgeAluGates/M0/sra/act1/WD,Z3/selected,proved,0
BridgeAluGates/M0/sra/act1/WD,CVC3/selected,proved,0
BridgeAluGates/M0/sra/act1/WD,veriT/all,proved,0
BridgeAluGates/M0/sra/act1/WD,CVC4/all,proved,0
BridgeAluGates/M0/sra/act1/WD,Z3/all,proved,0
BridgeAluGates/M0/sra/act1/WD,CVC3/all,proved,0
BridgeAluGates/M0/sra/act1/WD,veriT/selected,proved,2002
BridgeAluGates/M0/sra/act1/WD,CVC4/selected,proved,110
BridgeAluGates/M0/sra/act1/WD,Z3/selected,proved,38
BridgeAluGates/M0/sra/act1/WD,CVC3/selected,failed,20
BridgeAluGates/M0/sra/act1/WD,veriT/all,proved,1988
BridgeAluGates/M0/sra/act1/WD,CVC4/all,proved,132
BridgeAluGates/M0/sra/act1/WD,Z3/all,proved,35
BridgeAluGates/M0/sra/act1/WD,CVC3/all,failed,21
BridgeAluGates/M0/or/word/INV,veriT/selected,proved,13
BridgeAluGates/M0/or/word/INV,CVC4/selected,proved,40
BridgeAluGates/M0/or/word/INV,Z3/selected,proved,16
BridgeAluGates/M0/or/word/INV,CVC3/selected,proved,572
BridgeAluGates/M0/or/word/INV,veriT/all,proved,13
BridgeAluGates/M0/or/word/INV,CVC4/all,proved,36
BridgeAluGates/M0/or/word/INV,Z3/all,proved,14
BridgeAluGates/M0/or/word/INV,CVC3/all,proved,617
BridgeAluGates/M0/and/word/INV,veriT/selected,proved,14
BridgeAluGates/M0/and/word/INV,CVC4/selected,proved,47
BridgeAluGates/M0/and/word/INV,Z3/selected,proved,16
BridgeAluGates/M0/and/word/INV,CVC3/selected,proved,584
BridgeAluGates/M0/and/word/INV,veriT/all,proved,17
BridgeAluGates/M0/and/word/INV,CVC4/all,proved,39
BridgeAluGates/M0/and/word/INV,Z3/all,proved,16
BridgeAluGates/M0/and/word/INV,CVC3/all,proved,618
BridgeAluGates/M1/sra_5_1/act1/WD,veriT/selected,proved,0
BridgeAluGates/M1/sra_5_1/act1/WD,CVC4/selected,proved,0
BridgeAluGates/M1/sra_5_1/act1/WD,Z3/selected,proved,0
BridgeAluGates/M1/sra_5_1/act1/WD,CVC3/selected,proved,0
BridgeAluGates/M1/sra_5_1/act1/WD,veriT/all,proved,0
BridgeAluGates/M1/sra_5_1/act1/WD,CVC4/all,proved,0
BridgeAluGates/M1/sra_5_1/act1/WD,Z3/all,proved,0
BridgeAluGates/M1/sra_5_1/act1/WD,CVC3/all,proved,0
BridgeAluGates/M1/sra_5_1/act1/WD,veriT/selected,proved,17
BridgeAluGates/M1/sra_5_1/act1/WD,CVC4/selected,proved,20
BridgeAluGates/M1/sra_5_1/act1/WD,Z3/selected,proved,12
BridgeAluGates/M1/sra_5_1/act1/WD,CVC3/selected,failed,9
BridgeAluGates/M1/sra_5_1/act1/WD,veriT/all,proved,18
BridgeAluGates/M1/sra_5_1/act1/WD,CVC4/all,proved,19
BridgeAluGates/M1/sra_5_1/act1/WD,Z3/all,proved,12
BridgeAluGates/M1/sra_5_1/act1/WD,CVC3/all,failed,10
BridgeAluGates/M1/sra_5_1/act1/WD,veriT/selected,proved,0
BridgeAluGates/M1/sra_5_1/act1/WD,CVC4/selected,proved,0
BridgeAluGates/M1/sra_5_1/act1/WD,Z3/selected,proved,0
BridgeAluGates/M1/sra_5_1/act1/WD,CVC3/selected,proved,0
BridgeAluGates/M1/sra_5_1/act1/WD,veriT/all,proved,0
BridgeAluGates/M1/sra_5_1/act1/WD,CVC4/all,proved,0
BridgeAluGates/M1/sra_5_1/act1/WD,Z3/all,proved,0
BridgeAluGates/M1/sra_5_1/act1/WD,CVC3/all,proved,0
BridgeAluGates/M1/sra_5_1/act1/WD,veriT/selected,proved,23
BridgeAluGates/M1/sra_5_1/act1/WD,CVC4/selected,proved,21
BridgeAluGates/M1/sra_5_1/act1/WD,Z3/selected,proved,12
BridgeAluGates/M1/sra_5_1/act1/WD,CVC3/selected,failed,11
BridgeAluGates/M1/sra_5_1/act1/WD,veriT/all,proved,25
BridgeAluGates/M1/sra_5_1/act1/WD,CVC4/all,proved,21
BridgeAluGates/M1/sra_5_1/act1/WD,Z3/all,proved,12
BridgeAluGates/M1/sra_5_1/act1/WD,CVC3/all,failed,9
BridgeAluGates/M1/sra_5_1/act1/WD,veriT/selected,proved,0
BridgeAluGates/M1/sra_5_1/act1/WD,CVC4/selected,proved,0
BridgeAluGates/M1/sra_5_1/act1/WD,Z3/selected,proved,0
BridgeAluGates/M1/sra_5_1/act1/WD,CVC3/selected,proved,0
BridgeAluGates/M1/sra_5_1/act1/WD,veriT/all,proved,0
BridgeAluGates/M1/sra_5_1/act1/WD,CVC4/all,proved,0
BridgeAluGates/M1/sra_5_1/act1/WD,Z3/all,proved,0
BridgeAluGates/M1/sra_5_1/act1/WD,CVC3/all,proved,0
BridgeAluGates/M1/sra_5_1/act1/WD,veriT/selected,proved,28
BridgeAluGates/M1/sra_5_1/act1/WD,CVC4/selected,proved,22
BridgeAluGates/M1/sra_5_1/act1/WD,Z3/selected,proved,14
BridgeAluGates/M1/sra_5_1/act1/WD,CVC3/selected,failed,10
BridgeAluGates/M1/sra_5_1/act1/WD,veriT/all,proved,30
BridgeAluGates/M1/sra_5_1/act1/WD,CVC4/all,proved,28
BridgeAluGates/M1/sra_5_1/act1/WD,Z3/all,proved,13
BridgeAluGates/M1/sra_5_1/act1/WD,CVC3/all,failed,13
BridgeAluGates/M1/sra_5_1/act1/WD,veriT/selected,proved,0
BridgeAluGates/M1/sra_5_1/act1/WD,CVC4/selected,proved,0
BridgeAluGates/M1/sra_5_1/act1/WD,Z3/selected,proved,0
BridgeAluGates/M1/sra_5_1/act1/WD,CVC3/selected,proved,0
BridgeAluGates/M1/sra_5_1/act1/WD,veriT/all,proved,0
BridgeAluGates/M1/sra_5_1/act1/WD,CVC4/all,proved,0
BridgeAluGates/M1/sra_5_1/act1/WD,Z3/all,proved,0
BridgeAluGates/M1/sra_5_1/act1/WD,CVC3/all,proved,0
BridgeAluGates/M1/sra_5_1/act1/WD,veriT/selected,proved,40
BridgeAluGates/M1/sra_5_1/act1/WD,CVC4/selected,proved,25
BridgeAluGates/M1/sra_5_1/act1/WD,Z3/selected,proved,15
BridgeAluGates/M1/sra_5_1/act1/WD,CVC3/selected,failed,12
BridgeAluGates/M1/sra_5_1/act1/WD,veriT/all,proved,42
BridgeAluGates/M1/sra_5_1/act1/WD,CVC4/all,proved,30
BridgeAluGates/M1/sra_5_1/act1/WD,Z3/all,proved,14
BridgeAluGates/M1/sra_5_1/act1/WD,CVC3/all,failed,11
BridgeAluGates/M1/sra_5_1/act1/WD,veriT/selected,proved,0
BridgeAluGates/M1/sra_5_1/act1/WD,CVC4/selected,proved,0
BridgeAluGates/M1/sra_5_1/act1/WD,Z3/selected,proved,0
BridgeAluGates/M1/sra_5_1/act1/WD,CVC3/selected,proved,0
BridgeAluGates/M1/sra_5_1/act1/WD,veriT/all,proved,0
BridgeAluGates/M1/sra_5_1/act1/WD,CVC4/all,proved,0
BridgeAluGates/M1/sra_5_1/act1/WD,Z3/all,proved,0
BridgeAluGates/M1/sra_5_1/act1/WD,CVC3/all,proved,0
BridgeAluGates/M1/sra_5_1/act1/WD,veriT/selected,proved,50
BridgeAluGates/M1/sra_5_1/act1/WD,CVC4/selected,proved,26
BridgeAluGates/M1/sra_5_1/act1/WD,Z3/selected,proved,17
BridgeAluGates/M1/sra_5_1/act1/WD,CVC3/selected,failed,12
BridgeAluGates/M1/sra_5_1/act1/WD,veriT/all,proved,53
BridgeAluGates/M1/sra_5_1/act1/WD,CVC4/all,proved,28
BridgeAluGates/M1/sra_5_1/act1/WD,Z3/all,proved,14
BridgeAluGates/M1/sra_5_1/act1/WD,CVC3/all,failed,12
BridgeAluGates/M1/sra_5_1/act1/WD,veriT/selected,proved,0
BridgeAluGates/M1/sra_5_1/act1/WD,CVC4/selected,proved,0
BridgeAluGates/M1/sra_5_1/act1/WD,Z3/selected,proved,0
BridgeAluGates/M1/sra_5_1/act1/WD,CVC3/selected,proved,0
BridgeAluGates/M1/sra_5_1/act1/WD,veriT/all,proved,0
BridgeAluGates/M1/sra_5_1/act1/WD,CVC4/all,proved,0
BridgeAluGates/M1/sra_5_1/act1/WD,Z3/all,proved,0
BridgeAluGates/M1/sra_5_1/act1/WD,CVC3/all,proved,0
BridgeAluGates/M1/sra_5_1/act1/WD,veriT/selected,proved,60
BridgeAluGates/M1/sra_5_1/act1/WD,CVC4/selected,proved,29
BridgeAluGates/M1/sra_5_1/act1/WD,Z3/selected,proved,14
BridgeAluGates/M1/sra_5_1/act1/WD,CVC3/selected,failed,13
BridgeAluGates/M1/sra_5_1/act1/WD,veriT/all,proved,74
BridgeAluGates/M1/sra_5_1/act1/WD,CVC4/all,proved,29
BridgeAluGates/M1/sra_5_1/act1/WD,Z3/all,proved,15
BridgeAluGates/M1/sra_5_1/act1/WD,CVC3/all,failed,12
BridgeAluGates/M1/sra_5_1/act1/WD,veriT/selected,proved,0
BridgeAluGates/M1/sra_5_1/act1/WD,CVC4/selected,proved,0
BridgeAluGates/M1/sra_5_1/act1/WD,Z3/selected,proved,0
BridgeAluGates/M1/sra_5_1/act1/WD,CVC3/selected,proved,0
BridgeAluGates/M1/sra_5_1/act1/WD,veriT/all,proved,0
BridgeAluGates/M1/sra_5_1/act1/WD,CVC4/all,proved,0
BridgeAluGates/M1/sra_5_1/act1/WD,Z3/all,proved,0
BridgeAluGates/M1/sra_5_1/act1/WD,CVC3/all,proved,0
BridgeAluGates/M1/sra_5_1/act1/WD,veriT/selected,proved,71
BridgeAluGates/M1/sra_5_1/act1/WD,CVC4/selected,proved,30
BridgeAluGates/M1/sra_5_1/act1/WD,Z3/selected,proved,16
BridgeAluGates/M1/sra_5_1/act1/WD,CVC3/selected,failed,12
BridgeAluGates/M1/sra_5_1/act1/WD,veriT/all,proved,85
BridgeAluGates/M1/sra_5_1/act1/WD,CVC4/all,proved,34
BridgeAluGates/M1/sra_5_1/act1/WD,Z3/all,proved,16
BridgeAluGates/M1/sra_5_1/act1/WD,CVC3/all,failed,13
BridgeAluGates/M1/sra_5_1/act1/WD,veriT/selected,proved,0
BridgeAluGates/M1/sra_5_1/act1/WD,CVC4/selected,proved,0
BridgeAluGates/M1/sra_5_1/act1/WD,Z3/selected,proved,0
BridgeAluGates/M1/sra_5_1/act1/WD,CVC3/selected,proved,0
BridgeAluGates/M1/sra_5_1/act1/WD,veriT/all,proved,0
BridgeAluGates/M1/sra_5_1/act1/WD,CVC4/all,proved,0
BridgeAluGates/M1/sra_5_1/act1/WD,Z3/all,proved,0
BridgeAluGates/M1/sra_5_1/act1/WD,CVC3/all,proved,0
BridgeAluGates/M1/sra_5_1/act1/WD,veriT/selected,proved,84
BridgeAluGates/M1/sra_5_1/act1/WD,CVC4/selected,proved,33
BridgeAluGates/M1/sra_5_1/act1/WD,Z3/selected,proved,17
BridgeAluGates/M1/sra_5_1/act1/WD,CVC3/selected,failed,13
BridgeAluGates/M1/sra_5_1/act1/WD,veriT/all,proved,98
BridgeAluGates/M1/sra_5_1/act1/WD,CVC4/all,proved,35
BridgeAluGates/M1/sra_5_1/act1/WD,Z3/all,proved,20
BridgeAluGates/M1/sra_5_1/act1/WD,CVC3/all,failed,13
BridgeAluGates/M1/sra_5_1/act1/WD,veriT/selected,proved,0
BridgeAluGates/M1/sra_5_1/act1/WD,CVC4/selected,proved,0
BridgeAluGates/M1/sra_5_1/act1/WD,Z3/selected,proved,0
BridgeAluGates/M1/sra_5_1/act1/WD,CVC3/selected,proved,0
BridgeAluGates/M1/sra_5_1/act1/WD,veriT/all,proved,0
BridgeAluGates/M1/sra_5_1/act1/WD,CVC4/all,proved,0
BridgeAluGates/M1/sra_5_1/act1/WD,Z3/all,proved,0
BridgeAluGates/M1/sra_5_1/act1/WD,CVC3/all,proved,0
BridgeAluGates/M1/sra_5_1/act1/WD,veriT/selected,proved,103
BridgeAluGates/M1/sra_5_1/act1/WD,CVC4/selected,proved,37
BridgeAluGates/M1/sra_5_1/act1/WD,Z3/selected,proved,16
BridgeAluGates/M1/sra_5_1/act1/WD,CVC3/selected,failed,13
BridgeAluGates/M1/sra_5_1/act1/WD,veriT/all,proved,102
BridgeAluGates/M1/sra_5_1/act1/WD,CVC4/all,proved,51
BridgeAluGates/M1/sra_5_1/act1/WD,Z3/all,proved,17
BridgeAluGates/M1/sra_5_1/act1/WD,CVC3/all,failed,14
BridgeAluGates/M1/sra_5_1/act1/WD,veriT/selected,proved,0
BridgeAluGates/M1/sra_5_1/act1/WD,CVC4/selected,proved,0
BridgeAluGates/M1/sra_5_1/act1/WD,Z3/selected,proved,0
BridgeAluGates/M1/sra_5_1/act1/WD,CVC3/selected,proved,0
BridgeAluGates/M1/sra_5_1/act1/WD,veriT/all,proved,0
BridgeAluGates/M1/sra_5_1/act1/WD,CVC4/all,proved,0
BridgeAluGates/M1/sra_5_1/act1/WD,Z3/all,proved,0
BridgeAluGates/M1/sra_5_1/act1/WD,CVC3/all,proved,0
BridgeAluGates/M1/sra_5_1/act1/WD,veriT/selected,proved,130
BridgeAluGates/M1/sra_5_1/act1/WD,CVC4/selected,proved,42
BridgeAluGates/M1/sra_5_1/act1/WD,Z3/selected,proved,18
BridgeAluGates/M1/sra_5_1/act1/WD,CVC3/selected,failed,24
BridgeAluGates/M1/sra_5_1/act1/WD,veriT/all,proved,124
BridgeAluGates/M1/sra_5_1/act1/WD,CVC4/all,proved,43
BridgeAluGates/M1/sra_5_1/act1/WD,Z3/all,proved,18
BridgeAluGates/M1/sra_5_1/act1/WD,CVC3/all,failed,16
BridgeAluGates/M1/sra_5_1/act1/WD,veriT/selected,proved,0
BridgeAluGates/M1/sra_5_1/act1/WD,CVC4/selected,proved,0
BridgeAluGates/M1/sra_5_1/act1/WD,Z3/selected,proved,0
BridgeAluGates/M1/sra_5_1/act1/WD,CVC3/selected,proved,0
BridgeAluGates/M1/sra_5_1/act1/WD,veriT/all,proved,0
BridgeAluGates/M1/sra_5_1/act1/WD,CVC4/all,proved,0
BridgeAluGates/M1/sra_5_1/act1/WD,Z3/all,proved,0
BridgeAluGates/M1/sra_5_1/act1/WD,CVC3/all,proved,0
BridgeAluGates/M1/sra_5_1/act1/WD,veriT/selected,proved,125
BridgeAluGates/M1/sra_5_1/act1/WD,CVC4/selected,proved,42
BridgeAluGates/M1/sra_5_1/act1/WD,Z3/selected,proved,23
BridgeAluGates/M1/sra_5_1/act1/WD,CVC3/selected,failed,15
BridgeAluGates/M1/sra_5_1/act1/WD,veriT/all,proved,145
BridgeAluGates/M1/sra_5_1/act1/WD,CVC4/all,proved,44
BridgeAluGates/M1/sra_5_1/act1/WD,Z3/all,proved,20
BridgeAluGates/M1/sra_5_1/act1/WD,CVC3/all,failed,17
BridgeAluGates/M1/sra_5_1/act1/WD,veriT/selected,proved,0
BridgeAluGates/M1/sra_5_1/act1/WD,CVC4/selected,proved,0
BridgeAluGates/M1/sra_5_1/act1/WD,Z3/selected,proved,0
BridgeAluGates/M1/sra_5_1/act1/WD,CVC3/selected,proved,0
BridgeAluGates/M1/sra_5_1/act1/WD,veriT/all,proved,0
BridgeAluGates/M1/sra_5_1/act1/WD,CVC4/all,proved,0
BridgeAluGates/M1/sra_5_1/act1/WD,Z3/all,proved,0
BridgeAluGates/M1/sra_5_1/act1/WD,CVC3/all,proved,0
BridgeAluGates/M1/sra_5_1/act1/WD,veriT/selected,proved,160
BridgeAluGates/M1/sra_5_1/act1/WD,CVC4/selected,proved,50
BridgeAluGates/M1/sra_5_1/act1/WD,Z3/selected,proved,22
BridgeAluGates/M1/sra_5_1/act1/WD,CVC3/selected,failed,19
BridgeAluGates/M1/sra_5_1/act1/WD,veriT/all,proved,158
BridgeAluGates/M1/sra_5_1/act1/WD,CVC4/all,proved,51
BridgeAluGates/M1/sra_5_1/act1/WD,Z3/all,proved,21
BridgeAluGates/M1/sra_5_1/act1/WD,CVC3/all,failed,15
BridgeAluGates/M1/sra_5_1/act1/WD,veriT/selected,proved,0
BridgeAluGates/M1/sra_5_1/act1/WD,CVC4/selected,proved,0
BridgeAluGates/M1/sra_5_1/act1/WD,Z3/selected,proved,0
BridgeAluGates/M1/sra_5_1/act1/WD,CVC3/selected,proved,0
BridgeAluGates/M1/sra_5_1/act1/WD,veriT/all,proved,0
BridgeAluGates/M1/sra_5_1/act1/WD,CVC4/all,proved,0
BridgeAluGates/M1/sra_5_1/act1/WD,Z3/all,proved,0
BridgeAluGates/M1/sra_5_1/act1/WD,CVC3/all,proved,0
BridgeAluGates/M1/sra_5_1/act1/WD,veriT/selected,proved,165
BridgeAluGates/M1/sra_5_1/act1/WD,CVC4/selected,proved,47
BridgeAluGates/M1/sra_5_1/act1/WD,Z3/selected,proved,21
BridgeAluGates/M1/sra_5_1/act1/WD,CVC3/selected,failed,17
BridgeAluGates/M1/sra_5_1/act1/WD,veriT/all,proved,170
BridgeAluGates/M1/sra_5_1/act1/WD,CVC4/all,proved,60
BridgeAluGates/M1/sra_5_1/act1/WD,Z3/all,proved,20
BridgeAluGates/M1/sra_5_1/act1/WD,CVC3/all,failed,16
BridgeAluGates/M1/sra_5_1/act1/WD,veriT/selected,proved,0
BridgeAluGates/M1/sra_5_1/act1/WD,CVC4/selected,proved,0
BridgeAluGates/M1/sra_5_1/act1/WD,Z3/selected,proved,0
BridgeAluGates/M1/sra_5_1/act1/WD,CVC3/selected,proved,0
BridgeAluGates/M1/sra_5_1/act1/WD,veriT/all,proved,0
BridgeAluGates/M1/sra_5_1/act1/WD,CVC4/all,proved,0
BridgeAluGates/M1/sra_5_1/act1/WD,Z3/all,proved,0
BridgeAluGates/M1/sra_5_1/act1/WD,CVC3/all,proved,0
BridgeAluGates/M1/sra_5_1/act1/WD,veriT/selected,proved,211
BridgeAluGates/M1/sra_5_1/act1/WD,CVC4/selected,proved,50
BridgeAluGates/M1/sra_5_1/act1/WD,Z3/selected,proved,20
BridgeAluGates/M1/sra_5_1/act1/WD,CVC3/selected,failed,15
BridgeAluGates/M1/sra_5_1/act1/WD,veriT/all,proved,215
BridgeAluGates/M1/sra_5_1/act1/WD,CVC4/all,proved,73
BridgeAluGates/M1/sra_5_1/act1/WD,Z3/all,proved,20
BridgeAluGates/M1/sra_5_1/act1/WD,CVC3/all,failed,16
BridgeAluGates/M1/sra_5_1/act1/WD,veriT/selected,proved,1
BridgeAluGates/M1/sra_5_1/act1/WD,CVC4/selected,proved,0
BridgeAluGates/M1/sra_5_1/act1/WD,Z3/selected,proved,0
BridgeAluGates/M1/sra_5_1/act1/WD,CVC3/selected,proved,0
BridgeAluGates/M1/sra_5_1/act1/WD,veriT/all,proved,0
BridgeAluGates/M1/sra_5_1/act1/WD,CVC4/all,proved,0
BridgeAluGates/M1/sra_5_1/act1/WD,Z3/all,proved,0
BridgeAluGates/M1/sra_5_1/act1/WD,CVC3/all,proved,0
BridgeAluGates/M1/sra_5_1/act1/WD,veriT/selected,proved,211
BridgeAluGates/M1/sra_5_1/act1/WD,CVC4/selected,proved,55
BridgeAluGates/M1/sra_5_1/act1/WD,Z3/selected,proved,21
BridgeAluGates/M1/sra_5_1/act1/WD,CVC3/selected,failed,19
BridgeAluGates/M1/sra_5_1/act1/WD,veriT/all,proved,210
BridgeAluGates/M1/sra_5_1/act1/WD,CVC4/all,proved,56
BridgeAluGates/M1/sra_5_1/act1/WD,Z3/all,proved,23
BridgeAluGates/M1/sra_5_1/act1/WD,CVC3/all,failed,16
BridgeAluGates/M1/sra_5_1/act1/WD,veriT/selected,proved,0
BridgeAluGates/M1/sra_5_1/act1/WD,CVC4/selected,proved,0
BridgeAluGates/M1/sra_5_1/act1/WD,Z3/selected,proved,0
BridgeAluGates/M1/sra_5_1/act1/WD,CVC3/selected,proved,0
BridgeAluGates/M1/sra_5_1/act1/WD,veriT/all,proved,0
BridgeAluGates/M1/sra_5_1/act1/WD,CVC4/all,proved,0
BridgeAluGates/M1/sra_5_1/act1/WD,Z3/all,proved,0
BridgeAluGates/M1/sra_5_1/act1/WD,CVC3/all,proved,0
BridgeAluGates/M1/sra_5_1/act1/WD,veriT/selected,proved,775
BridgeAluGates/M1/sra_5_1/act1/WD,CVC4/selected,proved,56
BridgeAluGates/M1/sra_5_1/act1/WD,Z3/selected,proved,21
BridgeAluGates/M1/sra_5_1/act1/WD,CVC3/selected,failed,16
BridgeAluGates/M1/sra_5_1/act1/WD,veriT/all,proved,791
BridgeAluGates/M1/sra_5_1/act1/WD,CVC4/all,proved,58
BridgeAluGates/M1/sra_5_1/act1/WD,Z3/all,proved,23
BridgeAluGates/M1/sra_5_1/act1/WD,CVC3/all,failed,19
BridgeAluGates/M1/sra_5_1/act1/WD,veriT/selected,proved,1
BridgeAluGates/M1/sra_5_1/act1/WD,CVC4/selected,proved,0
BridgeAluGates/M1/sra_5_1/act1/WD,Z3/selected,proved,0
BridgeAluGates/M1/sra_5_1/act1/WD,CVC3/selected,proved,0
BridgeAluGates/M1/sra_5_1/act1/WD,veriT/all,proved,0
BridgeAluGates/M1/sra_5_1/act1/WD,CVC4/all,proved,0
BridgeAluGates/M1/sra_5_1/act1/WD,Z3/all,proved,0
BridgeAluGates/M1/sra_5_1/act1/WD,CVC3/all,proved,0
BridgeAluGates/M1/sra_5_1/act1/WD,veriT/selected,proved,287
BridgeAluGates/M1/sra_5_1/act1/WD,CVC4/selected,proved,60
BridgeAluGates/M1/sra_5_1/act1/WD,Z3/selected,proved,26
BridgeAluGates/M1/sra_5_1/act1/WD,CVC3/selected,failed,17
BridgeAluGates/M1/sra_5_1/act1/WD,veriT/all,proved,304
BridgeAluGates/M1/sra_5_1/act1/WD,CVC4/all,proved,64
BridgeAluGates/M1/sra_5_1/act1/WD,Z3/all,proved,25
BridgeAluGates/M1/sra_5_1/act1/WD,CVC3/all,failed,18
BridgeAluGates/M1/sra_5_1/act1/WD,veriT/selected,proved,0
BridgeAluGates/M1/sra_5_1/act1/WD,CVC4/selected,proved,0
BridgeAluGates/M1/sra_5_1/act1/WD,Z3/selected,proved,0
BridgeAluGates/M1/sra_5_1/act1/WD,CVC3/selected,proved,0
BridgeAluGates/M1/sra_5_1/act1/WD,veriT/all,proved,0
BridgeAluGates/M1/sra_5_1/act1/WD,CVC4/all,proved,0
BridgeAluGates/M1/sra_5_1/act1/WD,Z3/all,proved,0
BridgeAluGates/M1/sra_5_1/act1/WD,CVC3/all,proved,0
BridgeAluGates/M1/sra_5_1/act1/WD,veriT/selected,proved,278
BridgeAluGates/M1/sra_5_1/act1/WD,CVC4/selected,proved,64
BridgeAluGates/M1/sra_5_1/act1/WD,Z3/selected,proved,24
BridgeAluGates/M1/sra_5_1/act1/WD,CVC3/selected,failed,18
BridgeAluGates/M1/sra_5_1/act1/WD,veriT/all,proved,286
BridgeAluGates/M1/sra_5_1/act1/WD,CVC4/all,proved,79
BridgeAluGates/M1/sra_5_1/act1/WD,Z3/all,proved,23
BridgeAluGates/M1/sra_5_1/act1/WD,CVC3/all,failed,18
BridgeAluGates/M1/sra_5_1/act1/WD,veriT/selected,proved,1
BridgeAluGates/M1/sra_5_1/act1/WD,CVC4/selected,proved,0
BridgeAluGates/M1/sra_5_1/act1/WD,Z3/selected,proved,0
BridgeAluGates/M1/sra_5_1/act1/WD,CVC3/selected,proved,0
BridgeAluGates/M1/sra_5_1/act1/WD,veriT/all,proved,0
BridgeAluGates/M1/sra_5_1/act1/WD,CVC4/all,proved,0
BridgeAluGates/M1/sra_5_1/act1/WD,Z3/all,proved,0
BridgeAluGates/M1/sra_5_1/act1/WD,CVC3/all,proved,0
BridgeAluGates/M1/sra_5_1/act1/WD,veriT/selected,proved,320
BridgeAluGates/M1/sra_5_1/act1/WD,CVC4/selected,proved,81
BridgeAluGates/M1/sra_5_1/act1/WD,Z3/selected,proved,33
BridgeAluGates/M1/sra_5_1/act1/WD,CVC3/selected,failed,18
BridgeAluGates/M1/sra_5_1/act1/WD,veriT/all,proved,347
BridgeAluGates/M1/sra_5_1/act1/WD,CVC4/all,proved,64
BridgeAluGates/M1/sra_5_1/act1/WD,Z3/all,proved,27
BridgeAluGates/M1/sra_5_1/act1/WD,CVC3/all,failed,18
BridgeAluGates/M1/sra_5_1/act1/WD,veriT/selected,proved,1
BridgeAluGates/M1/sra_5_1/act1/WD,CVC4/selected,proved,0
BridgeAluGates/M1/sra_5_1/act1/WD,Z3/selected,proved,0
BridgeAluGates/M1/sra_5_1/act1/WD,CVC3/selected,proved,0
BridgeAluGates/M1/sra_5_1/act1/WD,veriT/all,proved,0
BridgeAluGates/M1/sra_5_1/act1/WD,CVC4/all,proved,0
BridgeAluGates/M1/sra_5_1/act1/WD,Z3/all,proved,0
BridgeAluGates/M1/sra_5_1/act1/WD,CVC3/all,proved,0
BridgeAluGates/M1/sra_5_1/act1/WD,veriT/selected,proved,4966
BridgeAluGates/M1/sra_5_1/act1/WD,CVC4/selected,proved,77
BridgeAluGates/M1/sra_5_1/act1/WD,Z3/selected,proved,25
BridgeAluGates/M1/sra_5_1/act1/WD,CVC3/selected,failed,20
BridgeAluGates/M1/sra_5_1/act1/WD,veriT/all,proved,5348
BridgeAluGates/M1/sra_5_1/act1/WD,CVC4/all,proved,70
BridgeAluGates/M1/sra_5_1/act1/WD,Z3/all,proved,24
BridgeAluGates/M1/sra_5_1/act1/WD,CVC3/all,failed,21
BridgeAluGates/M1/sra_5_1/act1/WD,veriT/selected,proved,1
BridgeAluGates/M1/sra_5_1/act1/WD,CVC4/selected,proved,0
BridgeAluGates/M1/sra_5_1/act1/WD,Z3/selected,proved,0
BridgeAluGates/M1/sra_5_1/act1/WD,CVC3/selected,proved,0
BridgeAluGates/M1/sra_5_1/act1/WD,veriT/all,proved,0
BridgeAluGates/M1/sra_5_1/act1/WD,CVC4/all,proved,1
BridgeAluGates/M1/sra_5_1/act1/WD,Z3/all,proved,0
BridgeAluGates/M1/sra_5_1/act1/WD,CVC3/all,proved,0
BridgeAluGates/M1/sra_5_1/act1/WD,veriT/selected,proved,385
BridgeAluGates/M1/sra_5_1/act1/WD,CVC4/selected,proved,77
BridgeAluGates/M1/sra_5_1/act1/WD,Z3/selected,proved,30
BridgeAluGates/M1/sra_5_1/act1/WD,CVC3/selected,failed,22
BridgeAluGates/M1/sra_5_1/act1/WD,veriT/all,proved,393
BridgeAluGates/M1/sra_5_1/act1/WD,CVC4/all,proved,89
BridgeAluGates/M1/sra_5_1/act1/WD,Z3/all,proved,32
BridgeAluGates/M1/sra_5_1/act1/WD,CVC3/all,failed,20
BridgeAluGates/M1/sra_5_1/act1/WD,veriT/selected,proved,0
BridgeAluGates/M1/sra_5_1/act1/WD,CVC4/selected,proved,0
BridgeAluGates/M1/sra_5_1/act1/WD,Z3/selected,proved,0
BridgeAluGates/M1/sra_5_1/act1/WD,CVC3/selected,proved,0
BridgeAluGates/M1/sra_5_1/act1/WD,veriT/all,proved,0
BridgeAluGates/M1/sra_5_1/act1/WD,CVC4/all,proved,0
BridgeAluGates/M1/sra_5_1/act1/WD,Z3/all,proved,0
BridgeAluGates/M1/sra_5_1/act1/WD,CVC3/all,proved,0
BridgeAluGates/M1/sra_5_1/act1/WD,veriT/selected,proved,391
BridgeAluGates/M1/sra_5_1/act1/WD,CVC4/selected,proved,81
BridgeAluGates/M1/sra_5_1/act1/WD,Z3/selected,proved,38
BridgeAluGates/M1/sra_5_1/act1/WD,CVC3/selected,failed,25
BridgeAluGates/M1/sra_5_1/act1/WD,veriT/all,proved,389
BridgeAluGates/M1/sra_5_1/act1/WD,CVC4/all,proved,77
BridgeAluGates/M1/sra_5_1/act1/WD,Z3/all,proved,28
BridgeAluGates/M1/sra_5_1/act1/WD,CVC3/all,failed,19
BridgeAluGates/M1/sra_5_1/act1/WD,veriT/selected,proved,1
BridgeAluGates/M1/sra_5_1/act1/WD,CVC4/selected,proved,0
BridgeAluGates/M1/sra_5_1/act1/WD,Z3/selected,proved,0
BridgeAluGates/M1/sra_5_1/act1/WD,CVC3/selected,proved,0
BridgeAluGates/M1/sra_5_1/act1/WD,veriT/all,proved,0
BridgeAluGates/M1/sra_5_1/act1/WD,CVC4/all,proved,0
BridgeAluGates/M1/sra_5_1/act1/WD,Z3/all,proved,0
BridgeAluGates/M1/sra_5_1/act1/WD,CVC3/all,proved,0
BridgeAluGates/M1/sra_5_1/act1/WD,veriT/selected,proved,382
BridgeAluGates/M1/sra_5_1/act1/WD,CVC4/selected,proved,82
BridgeAluGates/M1/sra_5_1/act1/WD,Z3/selected,proved,30
BridgeAluGates/M1/sra_5_1/act1/WD,CVC3/selected,failed,20
BridgeAluGates/M1/sra_5_1/act1/WD,veriT/all,proved,425
BridgeAluGates/M1/sra_5_1/act1/WD,CVC4/all,proved,97
BridgeAluGates/M1/sra_5_1/act1/WD,Z3/all,proved,26
BridgeAluGates/M1/sra_5_1/act1/WD,CVC3/all,failed,20
BridgeAluGates/M1/sra_5_1/act1/WD,veriT/selected,proved,1
BridgeAluGates/M1/sra_5_1/act1/WD,CVC4/selected,proved,0
BridgeAluGates/M1/sra_5_1/act1/WD,Z3/selected,proved,0
BridgeAluGates/M1/sra_5_1/act1/WD,CVC3/selected,proved,0
BridgeAluGates/M1/sra_5_1/act1/WD,veriT/all,proved,0
BridgeAluGates/M1/sra_5_1/act1/WD,CVC4/all,proved,0
BridgeAluGates/M1/sra_5_1/act1/WD,Z3/all,proved,0
BridgeAluGates/M1/sra_5_1/act1/WD,CVC3/all,proved,0
BridgeAluGates/M1/sra_5_1/act1/WD,veriT/selected,proved,505
BridgeAluGates/M1/sra_5_1/act1/WD,CVC4/selected,proved,88
BridgeAluGates/M1/sra_5_1/act1/WD,Z3/selected,proved,32
BridgeAluGates/M1/sra_5_1/act1/WD,CVC3/selected,failed,23
BridgeAluGates/M1/sra_5_1/act1/WD,veriT/all,proved,542
BridgeAluGates/M1/sra_5_1/act1/WD,CVC4/all,proved,93
BridgeAluGates/M1/sra_5_1/act1/WD,Z3/all,proved,32
BridgeAluGates/M1/sra_5_1/act1/WD,CVC3/all,failed,20
BridgeAluGates/M1/sra_5_1/act1/WD,veriT/selected,proved,0
BridgeAluGates/M1/sra_5_1/act1/WD,CVC4/selected,proved,0
BridgeAluGates/M1/sra_5_1/act1/WD,Z3/selected,proved,0
BridgeAluGates/M1/sra_5_1/act1/WD,CVC3/selected,proved,0
BridgeAluGates/M1/sra_5_1/act1/WD,veriT/all,proved,0
BridgeAluGates/M1/sra_5_1/act1/WD,CVC4/all,proved,0
BridgeAluGates/M1/sra_5_1/act1/WD,Z3/all,proved,0
BridgeAluGates/M1/sra_5_1/act1/WD,CVC3/all,proved,0
BridgeAluGates/M1/sra_5_1/act1/WD,veriT/selected,proved,608
BridgeAluGates/M1/sra_5_1/act1/WD,CVC4/selected,proved,113
BridgeAluGates/M1/sra_5_1/act1/WD,Z3/selected,proved,38
BridgeAluGates/M1/sra_5_1/act1/WD,CVC3/selected,failed,24
BridgeAluGates/M1/sra_5_1/act1/WD,veriT/all,proved,573
BridgeAluGates/M1/sra_5_1/act1/WD,CVC4/all,proved,93
BridgeAluGates/M1/sra_5_1/act1/WD,Z3/all,proved,35
BridgeAluGates/M1/sra_5_1/act1/WD,CVC3/all,failed,25
BridgeAluGates/M1/sra_5_1/act1/WD,veriT/selected,proved,0
BridgeAluGates/M1/sra_5_1/act1/WD,CVC4/selected,proved,0
BridgeAluGates/M1/sra_5_1/act1/WD,Z3/selected,proved,0
BridgeAluGates/M1/sra_5_1/act1/WD,CVC3/selected,proved,0
BridgeAluGates/M1/sra_5_1/act1/WD,veriT/all,proved,0
BridgeAluGates/M1/sra_5_1/act1/WD,CVC4/all,proved,0
BridgeAluGates/M1/sra_5_1/act1/WD,Z3/all,proved,0
BridgeAluGates/M1/sra_5_1/act1/WD,CVC3/all,proved,0
BridgeAluGates/M1/sra_5_1/act1/WD,veriT/selected,proved,584
BridgeAluGates/M1/sra_5_1/act1/WD,CVC4/selected,proved,93
BridgeAluGates/M1/sra_5_1/act1/WD,Z3/selected,proved,31
BridgeAluGates/M1/sra_5_1/act1/WD,CVC3/selected,failed,24
BridgeAluGates/M1/sra_5_1/act1/WD,veriT/all,proved,594
BridgeAluGates/M1/sra_5_1/act1/WD,CVC4/all,proved,94
BridgeAluGates/M1/sra_5_1/act1/WD,Z3/all,proved,30
BridgeAluGates/M1/sra_5_1/act1/WD,CVC3/all,failed,23
BridgeAluGates/M1/sra_5_1/act1/WD,veriT/selected,proved,0
BridgeAluGates/M1/sra_5_1/act1/WD,CVC4/selected,proved,0
BridgeAluGates/M1/sra_5_1/act1/WD,Z3/selected,proved,0
BridgeAluGates/M1/sra_5_1/act1/WD,CVC3/selected,proved,0
BridgeAluGates/M1/sra_5_1/act1/WD,veriT/all,proved,0
BridgeAluGates/M1/sra_5_1/act1/WD,CVC4/all,proved,0
BridgeAluGates/M1/sra_5_1/act1/WD,Z3/all,proved,0
BridgeAluGates/M1/sra_5_1/act1/WD,CVC3/all,proved,0
BridgeAluGates/M1/sra_5_1/act1/WD,veriT/selected,proved,748
BridgeAluGates/M1/sra_5_1/act1/WD,CVC4/selected,proved,99
BridgeAluGates/M1/sra_5_1/act1/WD,Z3/selected,proved,33
BridgeAluGates/M1/sra_5_1/act1/WD,CVC3/selected,failed,23
BridgeAluGates/M1/sra_5_1/act1/WD,veriT/all,proved,732
BridgeAluGates/M1/sra_5_1/act1/WD,CVC4/all,proved,127
BridgeAluGates/M1/sra_5_1/act1/WD,Z3/all,proved,31
BridgeAluGates/M1/sra_5_1/act1/WD,CVC3/all,failed,22
BridgeAluGates/M1/sra_5_1/act1/WD,veriT/selected,proved,0
BridgeAluGates/M1/sra_5_1/act1/WD,CVC4/selected,proved,0
BridgeAluGates/M1/sra_5_1/act1/WD,Z3/selected,proved,0
BridgeAluGates/M1/sra_5_1/act1/WD,CVC3/selected,proved,0
BridgeAluGates/M1/sra_5_1/act1/WD,veriT/all,proved,0
BridgeAluGates/M1/sra_5_1/act1/WD,CVC4/all,proved,0
BridgeAluGates/M1/sra_5_1/act1/WD,Z3/all,proved,0
BridgeAluGates/M1/sra_5_1/act1/WD,CVC3/all,proved,0
BridgeAluGates/M1/sra_5_1/act1/WD,veriT/selected,proved,738
BridgeAluGates/M1/sra_5_1/act1/WD,CVC4/selected,proved,106
BridgeAluGates/M1/sra_5_1/act1/WD,Z3/selected,proved,32
BridgeAluGates/M1/sra_5_1/act1/WD,CVC3/selected,failed,24
BridgeAluGates/M1/sra_5_1/act1/WD,veriT/all,proved,797
BridgeAluGates/M1/sra_5_1/act1/WD,CVC4/all,proved,107
BridgeAluGates/M1/sra_5_1/act1/WD,Z3/all,proved,38
BridgeAluGates/M1/sra_5_1/act1/WD,CVC3/all,failed,26
BridgeAluGates/M1/sra_5_1/act1/WD,veriT/selected,proved,0
BridgeAluGates/M1/sra_5_1/act1/WD,CVC4/selected,proved,0
BridgeAluGates/M1/sra_5_1/act1/WD,Z3/selected,proved,0
BridgeAluGates/M1/sra_5_1/act1/WD,CVC3/selected,proved,0
BridgeAluGates/M1/sra_5_1/act1/WD,veriT/all,proved,0
BridgeAluGates/M1/sra_5_1/act1/WD,CVC4/all,proved,0
BridgeAluGates/M1/sra_5_1/act1/WD,Z3/all,proved,0
BridgeAluGates/M1/sra_5_1/act1/WD,CVC3/all,proved,0
BridgeAluGates/M1/sra_5_1/act1/WD,veriT/selected,failed,10000
BridgeAluGates/M1/sra_5_1/act1/WD,CVC4/selected,proved,111
BridgeAluGates/M1/sra_5_1/act1/WD,Z3/selected,proved,35
BridgeAluGates/M1/sra_5_1/act1/WD,CVC3/selected,failed,24
BridgeAluGates/M1/sra_5_1/act1/WD,veriT/all,failed,10000
BridgeAluGates/M1/sra_5_1/act1/WD,CVC4/all,proved,149
BridgeAluGates/M1/sra_5_1/act1/WD,Z3/all,proved,45
BridgeAluGates/M1/sra_5_1/act1/WD,CVC3/all,failed,26
BridgeAluGates/M1/sra_5_1/act1/WD,veriT/selected,proved,0
BridgeAluGates/M1/sra_5_1/act1/WD,CVC4/selected,proved,0
BridgeAluGates/M1/sra_5_1/act1/WD,Z3/selected,proved,0
BridgeAluGates/M1/sra_5_1/act1/WD,CVC3/selected,proved,0
BridgeAluGates/M1/sra_5_1/act1/WD,veriT/all,proved,0
BridgeAluGates/M1/sra_5_1/act1/WD,CVC4/all,proved,0
BridgeAluGates/M1/sra_5_1/act1/WD,Z3/all,proved,0
BridgeAluGates/M1/sra_5_1/act1/WD,CVC3/all,proved,0
BridgeAluGates/M1/sra_5_1/act1/WD,veriT/selected,proved,881
BridgeAluGates/M1/sra_5_1/act1/WD,CVC4/selected,proved,132
BridgeAluGates/M1/sra_5_1/act1/WD,Z3/selected,proved,39
BridgeAluGates/M1/sra_5_1/act1/WD,CVC3/selected,failed,40
BridgeAluGates/M1/sra_5_1/act1/WD,veriT/all,proved,982
BridgeAluGates/M1/sra_5_1/act1/WD,CVC4/all,proved,128
BridgeAluGates/M1/sra_5_1/act1/WD,Z3/all,proved,37
BridgeAluGates/M1/sra_5_1/act1/WD,CVC3/all,failed,32
BridgeAluGates/M1/sra_5_1/act1/WD,veriT/selected,proved,0
BridgeAluGates/M1/sra_5_1/act1/WD,CVC4/selected,proved,0
BridgeAluGates/M1/sra_5_1/act1/WD,Z3/selected,proved,0
BridgeAluGates/M1/sra_5_1/act1/WD,CVC3/selected,proved,0
BridgeAluGates/M1/sra_5_1/act1/WD,veriT/all,proved,0
BridgeAluGates/M1/sra_5_1/act1/WD,CVC4/all,proved,0
BridgeAluGates/M1/sra_5_1/act1/WD,Z3/all,proved,0
BridgeAluGates/M1/sra_5_1/act1/WD,CVC3/all,proved,0
BridgeAluGates/M1/sra_5_1/act1/WD,veriT/selected,proved,2272
BridgeAluGates/M1/sra_5_1/act1/WD,CVC4/selected,proved,136
BridgeAluGates/M1/sra_5_1/act1/WD,Z3/selected,proved,39
BridgeAluGates/M1/sra_5_1/act1/WD,CVC3/selected,failed,27
BridgeAluGates/M1/sra_5_1/act1/WD,veriT/all,proved,2335
BridgeAluGates/M1/sra_5_1/act1/WD,CVC4/all,proved,118
BridgeAluGates/M1/sra_5_1/act1/WD,Z3/all,proved,37
BridgeAluGates/M1/sra_5_1/act1/WD,CVC3/all,failed,25
BridgeAluGates/M1/sra_5_1/act1/SIM,veriT/selected,failed,10002
BridgeAluGates/M1/sra_5_1/act1/SIM,CVC4/selected,proved,1733
BridgeAluGates/M1/sra_5_1/act1/SIM,Z3/selected,proved,242
BridgeAluGates/M1/sra_5_1/act1/SIM,CVC3/selected,proved,704
BridgeAluGates/M1/sra_5_1/act1/SIM,veriT/all,failed,10001
BridgeAluGates/M1/sra_5_1/act1/SIM,CVC4/all,proved,2131
BridgeAluGates/M1/sra_5_1/act1/SIM,Z3/all,proved,579
BridgeAluGates/M1/sra_5_1/act1/SIM,CVC3/all,failed,377
